rank,cross_1,cross_2,impact_index,generated_time,agent_range,agent_interval
1,W Terrace,Eastpark,0.9183554363849709,2020-10-11 20:44:49.553485,0.6,0.05
2,Waldorf,Mansion Hill,0.6722820543095629,2020-10-11 20:44:49.553485,0.6,0.05
3,N Thompson,Jana,0.6414136001673613,2020-10-11 20:44:49.553485,0.6,0.05
4,N Fair Oaks,Lexington,0.5005646109452515,2020-10-11 20:44:49.553485,0.6,0.05
5,N Thompson,Westwynn,0.426843454938893,2020-10-11 20:44:49.553485,0.6,0.05
6,Eastpark,Broadview,0.2680472146239763,2020-10-11 20:44:49.553485,0.6,0.05
7,S Whitney,Gilbert,0.23955035195442087,2020-10-11 20:44:49.553485,0.6,0.05
8,North Transfer Point,Huxley,0.1730026899730942,2020-10-11 20:44:49.553485,0.6,0.05
9,Rayovac,Exact,0.16166003644343674,2020-10-11 20:44:49.553485,0.6,0.05
10,S Whitney,Kroncke,0.1452987399138506,2020-10-11 20:44:49.553485,0.6,0.05
11,Anniversary,Forest Run,0.0959710687784492,2020-10-11 20:44:49.553485,0.6,0.05
12,Hathaway,Schroeder,0.09482082850620048,2020-10-11 20:44:49.553485,0.6,0.05
13,Fish Hatchery,W Badger,0.08799110391176851,2020-10-11 20:44:49.553485,0.6,0.05
14,W Terrace,5117,0.08187520002300952,2020-10-11 20:44:49.553485,0.6,0.05
15,Oak,E Washington,0.06461588826804701,2020-10-11 20:44:49.553485,0.6,0.05
16,N Sherman,Farragut,0.051126996934193925,2020-10-11 20:44:49.553485,0.6,0.05
17,Winnebago,Lafollette,0.049446464542086066,2020-10-11 20:44:49.553485,0.6,0.05
18,N Sherman,Thackeray,0.044624351483694535,2020-10-11 20:44:49.553485,0.6,0.05
19,Allied,Jenewein,0.04323797345611776,2020-10-11 20:44:49.553485,0.6,0.05
20,S Mills,Regent,0.040978536596251613,2020-10-11 20:44:49.553485,0.6,0.05
21,Hathaway,Greenwich,0.028180632093607244,2020-10-11 20:44:49.553485,0.6,0.05
22,S Whitney,Medical,0.0275653348387081,2020-10-11 20:44:49.553485,0.6,0.05
23,Gilbert,Gilbert,0.01842088705961001,2020-10-11 20:44:49.553485,0.6,0.05
24,Carling,Allied,0.016383247737276452,2020-10-11 20:44:49.553485,0.6,0.05
25,S Allen,Regent,0.015609005076075523,2020-10-11 20:44:49.553485,0.6,0.05
26,Commercial,North Lawn,0.014177798077597933,2020-10-11 20:44:49.553485,0.6,0.05
27,Division,Eastwood,0.010875734149310527,2020-10-11 20:44:49.553485,0.6,0.05
28,Regent,N Orchard,0.008234657385053717,2020-10-11 20:44:49.553485,0.6,0.05
29,Regent,N Randall,0.008161094199506586,2020-10-11 20:44:49.553485,0.6,0.05
30,School,Fulton,0.006937508833276457,2020-10-11 20:44:49.553485,0.6,0.05
31,Dempsey,Maher,0.006053373126874914,2020-10-11 20:44:49.553485,0.6,0.05
32,Packers,Scott,0.005282462017331735,2020-10-11 20:44:49.553485,0.6,0.05
33,Mendota,University,0.005037703805568228,2020-10-11 20:44:49.553485,0.6,0.05
34,Regent,N Mills,0.004862116083208787,2020-10-11 20:44:49.553485,0.6,0.05
35,Eagle Heights,Lot F,0.004812960508601083,2020-10-11 20:44:49.553485,0.6,0.05
36,University,Branch,0.0037717891264690134,2020-10-11 20:44:49.553485,0.6,0.05
37,Park,Elmwood,0.003739710028797333,2020-10-11 20:44:49.553485,0.6,0.05
38,Research Park,E Cheryl,0.0,2020-10-11 20:44:49.553485,0.6,0.05
39,S Fish Hatchery,Cheryl,0.0,2020-10-11 20:44:49.553485,0.6,0.05
40,E Cheryl,S Fish Hatchery,0.0,2020-10-11 20:44:49.553485,0.6,0.05
41,Mickelson,S Fish Hatchery,0.0,2020-10-11 20:44:49.553485,0.6,0.05
42,Manchester,Westin,0.0,2020-10-11 20:44:49.553485,0.6,0.05
43,Mickelson,Walkway,0.0,2020-10-11 20:44:49.553485,0.6,0.05
44,Westin,Maple Grove,0.0,2020-10-11 20:44:49.553485,0.6,0.05
45,Manchester,Thornebury,0.0,2020-10-11 20:44:49.553485,0.6,0.05
46,S Fish Hatchery,Brendan,0.0,2020-10-11 20:44:49.553485,0.6,0.05
47,Mickelson,Brendan,0.0,2020-10-11 20:44:49.553485,0.6,0.05
48,Brendan,Chapel Valley,0.0,2020-10-11 20:44:49.553485,0.6,0.05
49,S Whitney,Raymond,0.0,2020-10-11 20:44:49.553485,0.6,0.05
50,D'onofrio,Mineral Point,0.0,2020-10-11 20:44:49.553485,0.6,0.05
51,Toepfer,Mineral Point,0.0,2020-10-11 20:44:49.553485,0.6,0.05
52,Pflaum,Alder,0.0,2020-10-11 20:44:49.553485,0.6,0.05
53,N Bassett,W Dayton,0.0,2020-10-11 20:44:49.553485,0.6,0.05
54,Nakoosa,Walmart,0.0,2020-10-11 20:44:49.553485,0.6,0.05
55,International,American,0.0,2020-10-11 20:44:49.553485,0.6,0.05
56,Zeier,E Springs,0.0,2020-10-11 20:44:49.553485,0.6,0.05
57,Packers,Elka,0.0,2020-10-11 20:44:49.553485,0.6,0.05
58,N Sherman,Trailsway,0.0,2020-10-11 20:44:49.553485,0.6,0.05
59,Zeier,Shopko,0.0,2020-10-11 20:44:49.553485,0.6,0.05
60,East Towne,E Springs,0.0,2020-10-11 20:44:49.553485,0.6,0.05
61,E Washington,E Springs,0.0,2020-10-11 20:44:49.553485,0.6,0.05
62,E Washington N,4822,0.0,2020-10-11 20:44:49.553485,0.6,0.05
63,Wheeler,Ilene,0.0,2020-10-11 20:44:49.553485,0.6,0.05
64,Mohawk,Nakoma,-0.00025951965428283597,2020-10-11 20:44:49.553485,0.6,0.05
65,Lake Mendota,Eagle Heights,-0.00026056491306571117,2020-10-11 20:44:49.553485,0.6,0.05
66,Junction,Elderberry,-0.00028919822431155984,2020-10-11 20:44:49.553485,0.6,0.05
67,Hardrock,Mckee,-0.00033379439857658677,2020-10-11 20:44:49.553485,0.6,0.05
68,M L K Junior,City-county,-0.0004174408414840472,2020-10-11 20:44:49.553485,0.6,0.05
69,Heartland,Deming,-0.0004417854187052095,2020-10-11 20:44:49.553485,0.6,0.05
70,Langley,Dell,-0.0007349495163146841,2020-10-11 20:44:49.553485,0.6,0.05
71,Eagle Heights,Lot E,-0.0011694054678342558,2020-10-11 20:44:49.553485,0.6,0.05
72,E Washington,S First,-0.0015553942178277505,2020-10-11 20:44:49.553485,0.6,0.05
73,Regent,S Randall,-0.0020026655375508864,2020-10-11 20:44:49.553485,0.6,0.05
74,Regent,N Allen,-0.002681094896898162,2020-10-11 20:44:49.553485,0.6,0.05
75,W Washington,N Fairchild,-0.002913462148936355,2020-10-11 20:44:49.553485,0.6,0.05
76,W Washington,N Henry,-0.0036753088876946144,2020-10-11 20:44:49.553485,0.6,0.05
77,S Webster,E Main,-0.0040039994420098535,2020-10-11 20:44:49.553485,0.6,0.05
78,North,E Washington,-0.004224286946580669,2020-10-11 20:44:49.553485,0.6,0.05
79,Mckenna,Lancaster,-0.004559321942764455,2020-10-11 20:44:49.553485,0.6,0.05
80,State,W Gorham,-0.0047555093417515765,2020-10-11 20:44:49.553485,0.6,0.05
81,Britta,Verona E,-0.005007808685688717,2020-10-11 20:44:49.553485,0.6,0.05
82,Hammersley,Rae,-0.005023928791568044,2020-10-11 20:44:49.553485,0.6,0.05
83,North,E Mifflin,-0.005360993445016504,2020-10-11 20:44:49.553485,0.6,0.05
84,W Washington,N Bedford,-0.005365152955927363,2020-10-11 20:44:49.553485,0.6,0.05
85,J Q Hammons,Holiday,-0.005365358842853246,2020-10-11 20:44:49.553485,0.6,0.05
86,W Washington,N Bassett,-0.005452007211133925,2020-10-11 20:44:49.553485,0.6,0.05
87,E Washington,S Fourth,-0.005722394440990125,2020-10-11 20:44:49.553485,0.6,0.05
88,Wheeler,Delaware,-0.005970369740805198,2020-10-11 20:44:49.553485,0.6,0.05
89,Fourier,1233,-0.0061137922481463575,2020-10-11 20:44:49.553485,0.6,0.05
90,Wheeler,Wheeler,-0.006196789482083576,2020-10-11 20:44:49.553485,0.6,0.05
91,W Johnson,N Broom,-0.006540887715694069,2020-10-11 20:44:49.553485,0.6,0.05
92,Lake Point,1531,-0.006638018347692537,2020-10-11 20:44:49.553485,0.6,0.05
93,Excelsior,Deming,-0.006721027454551998,2020-10-11 20:44:49.553485,0.6,0.05
94,W Doty,M L K Junior,-0.006730852633745635,2020-10-11 20:44:49.553485,0.6,0.05
95,Northport,Kennedy,-0.006971543274153669,2020-10-11 20:44:49.553485,0.6,0.05
96,N Hamilton,E Gorham,-0.008410532535468085,2020-10-11 20:44:49.553485,0.6,0.05
97,Muir Field,Lancaster,-0.008924590702209967,2020-10-11 20:44:49.553485,0.6,0.05
98,Muir Field,Gladstone,-0.009130163845417094,2020-10-11 20:44:49.553485,0.6,0.05
99,N Segoe,Kelab,-0.00956690935729785,2020-10-11 20:44:49.553485,0.6,0.05
100,Muir Field,Lindfield,-0.009709683249137124,2020-10-11 20:44:49.553485,0.6,0.05
101,E Washington N,E Springs,-0.010184272642586145,2020-10-11 20:44:49.553485,0.6,0.05
102,International,Anderson,-0.01074085678350764,2020-10-11 20:44:49.553485,0.6,0.05
103,N Lake,Langdon,-0.010982910635037882,2020-10-11 20:44:49.553485,0.6,0.05
104,J Q Hammons,Greenway Station,-0.01110995710687801,2020-10-11 20:44:49.553485,0.6,0.05
105,E Washington,Independence,-0.011385475171002815,2020-10-11 20:44:49.553485,0.6,0.05
106,Crossroads,2801,-0.011478241485572804,2020-10-11 20:44:49.553485,0.6,0.05
107,E Washington,N Second,-0.011691203641923845,2020-10-11 20:44:49.553485,0.6,0.05
108,Regent,N Prospect,-0.012755905499035658,2020-10-11 20:44:49.553485,0.6,0.05
109,University Bay,Lot 60,-0.012757660173797716,2020-10-11 20:44:49.553485,0.6,0.05
110,W Washington,S Henry,-0.012925739920375233,2020-10-11 20:44:49.553485,0.6,0.05
111,Atwood,Division,-0.013551279605304167,2020-10-11 20:44:49.553485,0.6,0.05
112,Tompkins,Alder,-0.01364278259520818,2020-10-11 20:44:49.553485,0.6,0.05
113,E Johnson,N Baldwin,-0.013849807460799848,2020-10-11 20:44:49.553485,0.6,0.05
114,S Midvale,Nakoma,-0.014390768156953657,2020-10-11 20:44:49.553485,0.6,0.05
115,Raymond,Reetz,-0.014647916805880914,2020-10-11 20:44:49.553485,0.6,0.05
116,Northland,Judy,-0.014788885189378459,2020-10-11 20:44:49.553485,0.6,0.05
117,E Washington,S Second,-0.014931735969498448,2020-10-11 20:44:49.553485,0.6,0.05
118,Ganser,D'onofrio,-0.014982072629535728,2020-10-11 20:44:49.553485,0.6,0.05
119,N Allen,University,-0.015238256378497787,2020-10-11 20:44:49.553485,0.6,0.05
120,Delaware,Esch,-0.015363237813721092,2020-10-11 20:44:49.553485,0.6,0.05
121,N Broom,W Gorham,-0.015594399702387726,2020-10-11 20:44:49.553485,0.6,0.05
122,State,W Dayton,-0.015972193275869084,2020-10-11 20:44:49.553485,0.6,0.05
123,Deming,Country Inn,-0.016301580672980626,2020-10-11 20:44:49.553485,0.6,0.05
124,E Wilson,M L K Junior,-0.016321768554322443,2020-10-11 20:44:49.553485,0.6,0.05
125,Manchester,Hartford,-0.01791489647004657,2020-10-11 20:44:49.553485,0.6,0.05
126,Regent,S Segoe,-0.01791972232448656,2020-10-11 20:44:49.553485,0.6,0.05
127,Northland,Delaware,-0.018003054541740338,2020-10-11 20:44:49.553485,0.6,0.05
128,S Bassett,W Washington,-0.01905556437614262,2020-10-11 20:44:49.553485,0.6,0.05
129,S Gammon,Gammon,-0.019316789898784048,2020-10-11 20:44:49.553485,0.6,0.05
130,Milwaukee,N Bryan,-0.01978220768094907,2020-10-11 20:44:49.553485,0.6,0.05
131,Ganser,Mineral Point,-0.020166672647890654,2020-10-11 20:44:49.553485,0.6,0.05
132,Merryturn,Spicebush,-0.020709012059506565,2020-10-11 20:44:49.553485,0.6,0.05
133,Fitchrona,King James,-0.020915341933561205,2020-10-11 20:44:49.553485,0.6,0.05
134,Randolph,Westward,-0.021086563985846414,2020-10-11 20:44:49.553485,0.6,0.05
135,Independence,East Towne,-0.021744414210657412,2020-10-11 20:44:49.553485,0.6,0.05
136,E Olin,Colby,-0.02204928158401548,2020-10-11 20:44:49.553485,0.6,0.05
137,Forest Run,Hayes,-0.02277583485630727,2020-10-11 20:44:49.553485,0.6,0.05
138,E Washington N,4810,-0.0228687291397226,2020-10-11 20:44:49.553485,0.6,0.05
139,E Washington,N First,-0.023942432901257846,2020-10-11 20:44:49.553485,0.6,0.05
140,S Rosa,Regent,-0.024074458805766863,2020-10-11 20:44:49.553485,0.6,0.05
141,Wyalusing,Reston Heights,-0.02417213170749899,2020-10-11 20:44:49.553485,0.6,0.05
142,W Washington,N Broom,-0.02536634481727145,2020-10-11 20:44:49.553485,0.6,0.05
143,E Doty,S Pinckney,-0.02561651981773945,2020-10-11 20:44:49.553485,0.6,0.05
144,Aberg,Loftsgordan,-0.026878040758887778,2020-10-11 20:44:49.553485,0.6,0.05
145,S Allen,Rowley,-0.027000737832580377,2020-10-11 20:44:49.553485,0.6,0.05
146,S Broom,W Washington,-0.02724416452376019,2020-10-11 20:44:49.553485,0.6,0.05
147,W Washington,S Carroll,-0.02743919498813048,2020-10-11 20:44:49.553485,0.6,0.05
148,Excelsior,A F S C M E,-0.027484130891497233,2020-10-11 20:44:49.553485,0.6,0.05
149,Schroeder,Forward,-0.02779405170839344,2020-10-11 20:44:49.553485,0.6,0.05
150,State,N Lake,-0.02839829100582717,2020-10-11 20:44:49.553485,0.6,0.05
151,State,W Johnson,-0.029313037594371552,2020-10-11 20:44:49.553485,0.6,0.05
152,W Gorham,N Henry,-0.02943247119183493,2020-10-11 20:44:49.553485,0.6,0.05
153,N Segoe,518,-0.031057043267567815,2020-10-11 20:44:49.553485,0.6,0.05
154,W Washington,S Bedford,-0.03137161858192087,2020-10-11 20:44:49.553485,0.6,0.05
155,Excelsior,Associated Bank,-0.031910672069593166,2020-10-11 20:44:49.553485,0.6,0.05
156,State,N Frances,-0.03246387074749872,2020-10-11 20:44:49.553485,0.6,0.05
157,Regent,N Owen,-0.033325543238997245,2020-10-11 20:44:49.553485,0.6,0.05
158,W Main,S Carroll,-0.034026781895460614,2020-10-11 20:44:49.553485,0.6,0.05
159,N Franklin,E Johnson,-0.03475089489922032,2020-10-11 20:44:49.553485,0.6,0.05
160,Milwaukee,N Fair Oaks,-0.034940404534297725,2020-10-11 20:44:49.553485,0.6,0.05
161,E Dayton,Wisconsin,-0.03536739342604096,2020-10-11 20:44:49.553485,0.6,0.05
162,City View,High Crossing,-0.035398870387444686,2020-10-11 20:44:49.553485,0.6,0.05
163,E Johnson,N Blair,-0.03597550531353004,2020-10-11 20:44:49.553485,0.6,0.05
164,State,W Gilman,-0.0360875840223882,2020-10-11 20:44:49.553485,0.6,0.05
165,East Towne,Zeier,-0.036159318296324974,2020-10-11 20:44:49.553485,0.6,0.05
166,S Allen,Commonwealth,-0.036480140591341,2020-10-11 20:44:49.553485,0.6,0.05
167,Milwaukee,S Bryan,-0.0367119380984562,2020-10-11 20:44:49.553485,0.6,0.05
168,Milwaukee,N Marquette,-0.03701006993057265,2020-10-11 20:44:49.553485,0.6,0.05
169,W Johnson,N Frances,-0.03729008082774094,2020-10-11 20:44:49.553485,0.6,0.05
170,Melody,Stuart,-0.037531773861488274,2020-10-11 20:44:49.553485,0.6,0.05
171,Excelsior,John Deere,-0.03765881359495492,2020-10-11 20:44:49.553485,0.6,0.05
172,E Washington,N Webster,-0.037700091742884266,2020-10-11 20:44:49.553485,0.6,0.05
173,N Midvale,Regent,-0.03817118734081442,2020-10-11 20:44:49.553485,0.6,0.05
174,Regent,S Orchard,-0.03886484846273061,2020-10-11 20:44:49.553485,0.6,0.05
175,Regent,Price,-0.038888755928520535,2020-10-11 20:44:49.553485,0.6,0.05
176,Prairie,Hammersley,-0.039096118201069896,2020-10-11 20:44:49.553485,0.6,0.05
177,N Charter,University,-0.03922176938145094,2020-10-11 20:44:49.553485,0.6,0.05
178,N Hamilton,E Johnson,-0.04039231520024572,2020-10-11 20:44:49.553485,0.6,0.05
179,Kings Mill,E Buckeye,-0.04058657530821952,2020-10-11 20:44:49.553485,0.6,0.05
180,Independence,Dwight,-0.041157069870818436,2020-10-11 20:44:49.553485,0.6,0.05
181,University Row,University,-0.041159330568460786,2020-10-11 20:44:49.553485,0.6,0.05
182,W Johnson,N Park,-0.04235547693378774,2020-10-11 20:44:49.553485,0.6,0.05
183,S Sprecher,Wyalusing,-0.04240131992722172,2020-10-11 20:44:49.553485,0.6,0.05
184,N Segoe,Regent,-0.04241064107175539,2020-10-11 20:44:49.553485,0.6,0.05
185,University,N Orchard,-0.042770058156323634,2020-10-11 20:44:49.553485,0.6,0.05
186,E Washington,N Fourth,-0.04295545380950836,2020-10-11 20:44:49.553485,0.6,0.05
187,Helene,Britta,-0.04319272084666774,2020-10-11 20:44:49.553485,0.6,0.05
188,Regent,S Prospect,-0.04376897276187301,2020-10-11 20:44:49.553485,0.6,0.05
189,State,N Fairchild,-0.04422972941395609,2020-10-11 20:44:49.553485,0.6,0.05
190,N Lake,W Johnson,-0.04429330356923911,2020-10-11 20:44:49.553485,0.6,0.05
191,University,Parmenter,-0.04451451476807547,2020-10-11 20:44:49.553485,0.6,0.05
192,Bluff,Ridge,-0.04557974118458999,2020-10-11 20:44:49.553485,0.6,0.05
193,S Park,W Olin,-0.04563794322252333,2020-10-11 20:44:49.553485,0.6,0.05
194,Red Arrow,Jenewein,-0.046740179971954676,2020-10-11 20:44:49.553485,0.6,0.05
195,S Broom,W Doty,-0.04679509003945438,2020-10-11 20:44:49.553485,0.6,0.05
196,Verona,Highway Ramp,-0.047429161774053256,2020-10-11 20:44:49.553485,0.6,0.05
197,Raymond,Leland,-0.04745044837481932,2020-10-11 20:44:49.553485,0.6,0.05
198,E Springs,High Crossing,-0.04759404753361848,2020-10-11 20:44:49.553485,0.6,0.05
199,E Cheryl,Woods Hollow,-0.04763281437143968,2020-10-11 20:44:49.553485,0.6,0.05
200,Regent,Highland,-0.04763700634304295,2020-10-11 20:44:49.553485,0.6,0.05
201,Continental,E Washington,-0.04793510318373502,2020-10-11 20:44:49.553485,0.6,0.05
202,Londonderry,Dryden,-0.048147916658964326,2020-10-11 20:44:49.553485,0.6,0.05
203,Regent,Vista,-0.04820212279305164,2020-10-11 20:44:49.553485,0.6,0.05
204,Rimrock,Moorland,-0.04835797213955723,2020-10-11 20:44:49.553485,0.6,0.05
205,Fisher,Dane,-0.048724843132651796,2020-10-11 20:44:49.553485,0.6,0.05
206,Junction,Pick N Save,-0.04915126915796984,2020-10-11 20:44:49.553485,0.6,0.05
207,Carnwood,Maple Grove,-0.04963969565927061,2020-10-11 20:44:49.553485,0.6,0.05
208,N Sherman,Northport,-0.04986112965042956,2020-10-11 20:44:49.553485,0.6,0.05
209,W Johnson,N Mills,-0.04994468519127471,2020-10-11 20:44:49.553485,0.6,0.05
210,E Gorham,N Baldwin,-0.05081219755376696,2020-10-11 20:44:49.553485,0.6,0.05
211,Fish Hatchery,Pike,-0.051069009476686536,2020-10-11 20:44:49.553485,0.6,0.05
212,Aberg,Ruskin,-0.05107797218392118,2020-10-11 20:44:49.553485,0.6,0.05
213,N Carroll,W Mifflin,-0.05138076913309885,2020-10-11 20:44:49.553485,0.6,0.05
214,W Olin,Colby,-0.051561171928333954,2020-10-11 20:44:49.553485,0.6,0.05
215,Cottontail,Dell,-0.05169352370268185,2020-10-11 20:44:49.553485,0.6,0.05
216,Commercial N,N Fair Oaks,-0.052277904877647455,2020-10-11 20:44:49.553485,0.6,0.05
217,S Fairchild,W Main,-0.05233247554430108,2020-10-11 20:44:49.553485,0.6,0.05
218,E Washington,N Sixth,-0.053392088504368496,2020-10-11 20:44:49.553485,0.6,0.05
219,W Johnson,N Charter,-0.05434852701957846,2020-10-11 20:44:49.553485,0.6,0.05
220,University,N Randall,-0.054938374964281986,2020-10-11 20:44:49.553485,0.6,0.05
221,Kendall,Ridge,-0.05619709631955794,2020-10-11 20:44:49.553485,0.6,0.05
222,Science,U W Health,-0.05661914244550989,2020-10-11 20:44:49.553485,0.6,0.05
223,King James,Williamsburg,-0.05752504991159589,2020-10-11 20:44:49.553485,0.6,0.05
224,N Sherman,Lake View,-0.05774706427785578,2020-10-11 20:44:49.553485,0.6,0.05
225,S Whitney,126,-0.05802298642970971,2020-10-11 20:44:49.553485,0.6,0.05
226,N Sherman,Logan,-0.05860731892349147,2020-10-11 20:44:49.553485,0.6,0.05
227,N Broom,W Dayton,-0.059391300827974225,2020-10-11 20:44:49.553485,0.6,0.05
228,E Johnson,N Butler,-0.05951902328455523,2020-10-11 20:44:49.553485,0.6,0.05
229,Watts,S Burberry,-0.06015511362641163,2020-10-11 20:44:49.553485,0.6,0.05
230,Pheasant Ridge,E Badger,-0.060248021759746265,2020-10-11 20:44:49.553485,0.6,0.05
231,Regent,S Owen,-0.060415008788917784,2020-10-11 20:44:49.553485,0.6,0.05
232,Observatory,N Charter,-0.06232321777390913,2020-10-11 20:44:49.553485,0.6,0.05
233,Allied,Thurston,-0.06235484466537631,2020-10-11 20:44:49.553485,0.6,0.05
234,Pheasant Ridge,Quail Run,-0.06258579836462355,2020-10-11 20:44:49.553485,0.6,0.05
235,Atwood,Garrison,-0.06312633476734325,2020-10-11 20:44:49.553485,0.6,0.05
236,Wheeler,Golf View,-0.06341012945377772,2020-10-11 20:44:49.553485,0.6,0.05
237,Lake Mendota,Lot P,-0.0635739840613754,2020-10-11 20:44:49.553485,0.6,0.05
238,Williamson,Rogers,-0.063834750749954,2020-10-11 20:44:49.553485,0.6,0.05
239,Allied,Lovell,-0.06464728933531375,2020-10-11 20:44:49.553485,0.6,0.05
240,E Wilson,S Franklin,-0.06468188607448355,2020-10-11 20:44:49.553485,0.6,0.05
241,Regent,N Park,-0.0653968755026152,2020-10-11 20:44:49.553485,0.6,0.05
242,N Midvale,Hilldale Row,-0.06682052046142659,2020-10-11 20:44:49.553485,0.6,0.05
243,N Lake,University,-0.06763590585264034,2020-10-11 20:44:49.553485,0.6,0.05
244,Linden,N Charter,-0.06770698455650681,2020-10-11 20:44:49.553485,0.6,0.05
245,S Park,Meriter,-0.06839791603242874,2020-10-11 20:44:49.553485,0.6,0.05
246,Reetz,Black Oak,-0.068398517530535,2020-10-11 20:44:49.553485,0.6,0.05
247,S Whitney,Regent,-0.07028595678373223,2020-10-11 20:44:49.553485,0.6,0.05
248,S Park,Burr Oak,-0.07039869527391386,2020-10-11 20:44:49.553485,0.6,0.05
249,N Rosa,Regent,-0.07083159851536525,2020-10-11 20:44:49.553485,0.6,0.05
250,N Bedford,W Mifflin,-0.07191701522332894,2020-10-11 20:44:49.553485,0.6,0.05
251,Excelsior,8417,-0.07241575991256402,2020-10-11 20:44:49.553485,0.6,0.05
252,E Washington,S Webster,-0.07314188170757277,2020-10-11 20:44:49.553485,0.6,0.05
253,Heather,Hilldale Mall,-0.07325912093675092,2020-10-11 20:44:49.553485,0.6,0.05
254,W Dayton,N Frances,-0.0735014712874621,2020-10-11 20:44:49.553485,0.6,0.05
255,Jenifer,Williamson,-0.07385728959812353,2020-10-11 20:44:49.553485,0.6,0.05
256,E Mifflin,N Pinckney,-0.07483869752579259,2020-10-11 20:44:49.553485,0.6,0.05
257,S Thompson,1306,-0.07506209464731425,2020-10-11 20:44:49.553485,0.6,0.05
258,University,University Bay,-0.07577553179778845,2020-10-11 20:44:49.553485,0.6,0.05
259,School,Northland,-0.0767248158948852,2020-10-11 20:44:49.553485,0.6,0.05
260,Schroeder,Rayovac,-0.07741698398797459,2020-10-11 20:44:49.553485,0.6,0.05
261,Starr Grass,Waldorf,-0.07936175823204986,2020-10-11 20:44:49.553485,0.6,0.05
262,S Butler,E Main,-0.08023680205114063,2020-10-11 20:44:49.553485,0.6,0.05
263,Deming,Park Bank,-0.08051704413011723,2020-10-11 20:44:49.553485,0.6,0.05
264,Odana,Burlington Coat,-0.0814395332491996,2020-10-11 20:44:49.553485,0.6,0.05
265,E Washington,N Blair,-0.08205614635005201,2020-10-11 20:44:49.553485,0.6,0.05
266,Beltline S,Seminole,-0.08269610739087238,2020-10-11 20:44:49.553485,0.6,0.05
267,Turner,Pflaum,-0.08436592692441022,2020-10-11 20:44:49.553485,0.6,0.05
268,Lake Point,Weber,-0.08505399685278196,2020-10-11 20:44:49.553485,0.6,0.05
269,Old Middleton,Old Sauk,-0.08509127182738475,2020-10-11 20:44:49.553485,0.6,0.05
270,Hayes,Morningside,-0.08571957002345437,2020-10-11 20:44:49.553485,0.6,0.05
271,Northport,Northside Town,-0.08709643008619686,2020-10-11 20:44:49.553485,0.6,0.05
272,S Park,Regent,-0.08714357323865149,2020-10-11 20:44:49.553485,0.6,0.05
273,University Bay,Lot 76,-0.0875358377902908,2020-10-11 20:44:49.553485,0.6,0.05
274,Fish Hatchery,Appleton,-0.08772315160216088,2020-10-11 20:44:49.553485,0.6,0.05
275,S Sixth,E Washington,-0.08841316881379474,2020-10-11 20:44:49.553485,0.6,0.05
276,W Dayton,N Lake,-0.08954290521068581,2020-10-11 20:44:49.553485,0.6,0.05
277,Odana,Frederick,-0.0898391236241584,2020-10-11 20:44:49.553485,0.6,0.05
278,International,Elder Care,-0.08988874690111875,2020-10-11 20:44:49.553485,0.6,0.05
279,American,Buttonwood,-0.09025136711855543,2020-10-11 20:44:49.553485,0.6,0.05
280,Mineral Point,S Gammon,-0.09038886955083064,2020-10-11 20:44:49.553485,0.6,0.05
281,Winnebago,S First,-0.0909381554032449,2020-10-11 20:44:49.553485,0.6,0.05
282,Mineral Point,Randolph,-0.09135893854143196,2020-10-11 20:44:49.553485,0.6,0.05
283,N Webster,E Mifflin,-0.0915148757576903,2020-10-11 20:44:49.553485,0.6,0.05
284,Marsh,Lot 76,-0.09154785653900781,2020-10-11 20:44:49.553485,0.6,0.05
285,Mineral Point,S Junction,-0.09274492269220547,2020-10-11 20:44:49.553485,0.6,0.05
286,E Main,S Pinckney,-0.0933095614827292,2020-10-11 20:44:49.553485,0.6,0.05
287,W Johnson,Wisconsin,-0.09366970348348597,2020-10-11 20:44:49.553485,0.6,0.05
288,W Gorham,Wisconsin,-0.09535701031964489,2020-10-11 20:44:49.553485,0.6,0.05
289,Deming,J Q Hammons,-0.0969778445077091,2020-10-11 20:44:49.553485,0.6,0.05
290,W Badger,Fiedler,-0.09983959771669138,2020-10-11 20:44:49.553485,0.6,0.05
291,Verona E,Atticus,-0.09984838382857425,2020-10-11 20:44:49.553485,0.6,0.05
292,Regent,N Breese,-0.10023143513805347,2020-10-11 20:44:49.553485,0.6,0.05
293,S Midvale,Cherokee,-0.10030019742074617,2020-10-11 20:44:49.553485,0.6,0.05
294,Babcock,Linden,-0.10084594592581654,2020-10-11 20:44:49.553485,0.6,0.05
295,Mckenna,Hammersley,-0.10228162627217002,2020-10-11 20:44:49.553485,0.6,0.05
296,North,Hoard,-0.10228672875524164,2020-10-11 20:44:49.553485,0.6,0.05
297,Winnebago,Linden,-0.10234709861463612,2020-10-11 20:44:49.553485,0.6,0.05
298,N Mills,W Dayton,-0.10243725090465303,2020-10-11 20:44:49.553485,0.6,0.05
299,Winnebago,S Fourth,-0.1030739963133481,2020-10-11 20:44:49.553485,0.6,0.05
300,University,Maple,-0.1033836957374023,2020-10-11 20:44:49.553485,0.6,0.05
301,Milwaukee,S Marquette,-0.10384755617416903,2020-10-11 20:44:49.553485,0.6,0.05
302,Buttonwood,American Family,-0.10385689288807519,2020-10-11 20:44:49.553485,0.6,0.05
303,S Broom,W Wilson,-0.10459996912941506,2020-10-11 20:44:49.553485,0.6,0.05
304,Capital,Baker,-0.10521268168352198,2020-10-11 20:44:49.553485,0.6,0.05
305,N Park,W Dayton,-0.10537593307556883,2020-10-11 20:44:49.553485,0.6,0.05
306,Carnwood,Muir Field,-0.10601466225383106,2020-10-11 20:44:49.553485,0.6,0.05
307,Fourier,La Petite,-0.10623103308038974,2020-10-11 20:44:49.553485,0.6,0.05
308,N Thompson,Sycamore,-0.1067202212656399,2020-10-11 20:44:49.553485,0.6,0.05
309,King James,Anton,-0.10730459159662255,2020-10-11 20:44:49.553485,0.6,0.05
310,Northport,School,-0.10849624021012746,2020-10-11 20:44:49.553485,0.6,0.05
311,Crossroads,2910,-0.10924836836301824,2020-10-11 20:44:49.553485,0.6,0.05
312,Verona W,Summit,-0.11035506562841857,2020-10-11 20:44:49.553485,0.6,0.05
313,E Washington,N Baldwin,-0.1113179956497034,2020-10-11 20:44:49.553485,0.6,0.05
314,Odana,Charles,-0.11139026493876669,2020-10-11 20:44:49.553485,0.6,0.05
315,Park Lawn,Franklin,-0.11362804442942782,2020-10-11 20:44:49.553485,0.6,0.05
316,N Park,State,-0.11447400955080997,2020-10-11 20:44:49.553485,0.6,0.05
317,University,N Frances,-0.1147044217317451,2020-10-11 20:44:49.553485,0.6,0.05
318,Jenifer,S Ingersoll,-0.11483195228247087,2020-10-11 20:44:49.553485,0.6,0.05
319,Waterford,Manchester,-0.11520021959590025,2020-10-11 20:44:49.553485,0.6,0.05
320,E Washington,Zeier,-0.11525850864565426,2020-10-11 20:44:49.553485,0.6,0.05
321,Regent,Meadow,-0.11567453475268372,2020-10-11 20:44:49.553485,0.6,0.05
322,Odana,Town Center,-0.11590662647255538,2020-10-11 20:44:49.553485,0.6,0.05
323,Allen,Lake,-0.11599915249387999,2020-10-11 20:44:49.553485,0.6,0.05
324,Delaware,Tennessee,-0.11634152586871821,2020-10-11 20:44:49.553485,0.6,0.05
325,S Fair Oaks,Milwaukee,-0.11705066163200507,2020-10-11 20:44:49.553485,0.6,0.05
326,University,Park,-0.11829451985949972,2020-10-11 20:44:49.553485,0.6,0.05
327,Langdon,N Henry,-0.11982807626102707,2020-10-11 20:44:49.553485,0.6,0.05
328,N Franklin,University,-0.11985008532722677,2020-10-11 20:44:49.553485,0.6,0.05
329,Milwaukee,E Washington,-0.12020267911610341,2020-10-11 20:44:49.553485,0.6,0.05
330,Monroe,Spooner,-0.12181458547185754,2020-10-11 20:44:49.553485,0.6,0.05
331,S Whitney,Westgate,-0.12217334739971136,2020-10-11 20:44:49.553485,0.6,0.05
332,S Thompson,Milwaukee,-0.12257457003851836,2020-10-11 20:44:49.553485,0.6,0.05
333,Greenway,Deming,-0.12299161412931314,2020-10-11 20:44:49.553485,0.6,0.05
334,Anniversary,Hayes,-0.12305185047403341,2020-10-11 20:44:49.553485,0.6,0.05
335,N Thompson,Lien,-0.1231438568234367,2020-10-11 20:44:49.553485,0.6,0.05
336,Old Middleton,N Whitney,-0.12347899095462485,2020-10-11 20:44:49.553485,0.6,0.05
337,Walter,Hargrove,-0.12361352825874194,2020-10-11 20:44:49.553485,0.6,0.05
338,University,Walnut,-0.1245287767359263,2020-10-11 20:44:49.553485,0.6,0.05
339,E Gorham,N Blair,-0.12469030897199151,2020-10-11 20:44:49.553485,0.6,0.05
340,Sheboygan,N Segoe,-0.12478535761756543,2020-10-11 20:44:49.553485,0.6,0.05
341,E Johnson,N Seventh,-0.12571384151143486,2020-10-11 20:44:49.553485,0.6,0.05
342,Crystal,Diamond,-0.12845476202011102,2020-10-11 20:44:49.553485,0.6,0.05
343,N Mills,Spring,-0.12852894446970614,2020-10-11 20:44:49.553485,0.6,0.05
344,Davies,Major,-0.13003582462054503,2020-10-11 20:44:49.553485,0.6,0.05
345,Mohawk,Danbury,-0.13032072067299263,2020-10-11 20:44:49.553485,0.6,0.05
346,N Park,University,-0.1309503980836252,2020-10-11 20:44:49.553485,0.6,0.05
347,Watts,N Burberry,-0.13107753392281926,2020-10-11 20:44:49.553485,0.6,0.05
348,Verona W,Beltline S,-0.1325773979672563,2020-10-11 20:44:49.553485,0.6,0.05
349,S First,E Main,-0.13282931915838464,2020-10-11 20:44:49.553485,0.6,0.05
350,Eagan,E Washington,-0.1329829320817659,2020-10-11 20:44:49.553485,0.6,0.05
351,Beltline S,Sergenians,-0.13322314991789724,2020-10-11 20:44:49.553485,0.6,0.05
352,Regent,Glen,-0.13376913557760678,2020-10-11 20:44:49.553485,0.6,0.05
353,W Olin,Lowell,-0.13389937105447675,2020-10-11 20:44:49.553485,0.6,0.05
354,E Washington,S Baldwin,-0.13619594277302846,2020-10-11 20:44:49.553485,0.6,0.05
355,Todd,Beltline S,-0.1382569480007421,2020-10-11 20:44:49.553485,0.6,0.05
356,E Washington,N Marquette,-0.13916776735740802,2020-10-11 20:44:49.553485,0.6,0.05
357,Roth,Ruskin,-0.13960776966094707,2020-10-11 20:44:49.553485,0.6,0.05
358,University,Lakeview,-0.14103195639197258,2020-10-11 20:44:49.553485,0.6,0.05
359,Lake Point,1566,-0.1428633962121103,2020-10-11 20:44:49.553485,0.6,0.05
360,Inwood,Open Wood,-0.14295492243512878,2020-10-11 20:44:49.553485,0.6,0.05
361,Hayes,Dawn,-0.14344639317050556,2020-10-11 20:44:49.553485,0.6,0.05
362,Atwood,Evergreen,-0.14348415028222622,2020-10-11 20:44:49.553485,0.6,0.05
363,Highland,Marsh,-0.1450444068655376,2020-10-11 20:44:49.553485,0.6,0.05
364,Junction,Prairie Towne,-0.1453622384503924,2020-10-11 20:44:49.553485,0.6,0.05
365,W Wilson,S Carroll,-0.14573871268380972,2020-10-11 20:44:49.553485,0.6,0.05
366,E Washington,S Blair,-0.14680177810413375,2020-10-11 20:44:49.553485,0.6,0.05
367,E Wilson,King,-0.14778879914441312,2020-10-11 20:44:49.553485,0.6,0.05
368,N Mills,University,-0.14964864276407525,2020-10-11 20:44:49.553485,0.6,0.05
369,N Park,Spring,-0.15114155609154015,2020-10-11 20:44:49.553485,0.6,0.05
370,N Thompson,Waywood,-0.15234229355933038,2020-10-11 20:44:49.553485,0.6,0.05
371,Dempsey,Gary,-0.1523740082567831,2020-10-11 20:44:49.553485,0.6,0.05
372,Merryturn,Queensbridge,-0.1527802973134499,2020-10-11 20:44:49.553485,0.6,0.05
373,Jenifer,S Paterson,-0.15357581133025805,2020-10-11 20:44:49.553485,0.6,0.05
374,Mohawk,Whenona,-0.15639903692961926,2020-10-11 20:44:49.553485,0.6,0.05
375,Observatory,Bascom,-0.15657183132841412,2020-10-11 20:44:49.553485,0.6,0.05
376,N Stoughton E,N Stoughton,-0.1586559271766993,2020-10-11 20:44:49.553485,0.6,0.05
377,Gilson,W Olin,-0.15890886889916814,2020-10-11 20:44:49.553485,0.6,0.05
378,Atwood,Ohio,-0.15963135620782773,2020-10-11 20:44:49.553485,0.6,0.05
379,Monroe,S Breese,-0.16063007904220705,2020-10-11 20:44:49.553485,0.6,0.05
380,Campus,Babcock,-0.16063267349350657,2020-10-11 20:44:49.553485,0.6,0.05
381,Regent,N Whitney,-0.16137940038694867,2020-10-11 20:44:49.553485,0.6,0.05
382,Old Middleton,Norman,-0.1632291196260342,2020-10-11 20:44:49.553485,0.6,0.05
383,Terrace,Middleton,-0.16458049232862548,2020-10-11 20:44:49.553485,0.6,0.05
384,Jenifer,S Baldwin,-0.1648112998538365,2020-10-11 20:44:49.553485,0.6,0.05
385,Excelsior,Fourier,-0.16495367185722595,2020-10-11 20:44:49.553485,0.6,0.05
386,N Randall,Engineering,-0.16785561921896713,2020-10-11 20:44:49.553485,0.6,0.05
387,W Doty,S Henry,-0.168989237169069,2020-10-11 20:44:49.553485,0.6,0.05
388,S Thompson,1309,-0.16986243160878978,2020-10-11 20:44:49.553485,0.6,0.05
389,American,American Family,-0.17015699504581455,2020-10-11 20:44:49.553485,0.6,0.05
390,Fish Hatchery,Greenway,-0.17029210008294926,2020-10-11 20:44:49.553485,0.6,0.05
391,Commercial,North,-0.1710309023627203,2020-10-11 20:44:49.553485,0.6,0.05
392,S High Point,Big Sky,-0.17166912337417817,2020-10-11 20:44:49.553485,0.6,0.05
393,Monroe,Stockton,-0.17205612976074944,2020-10-11 20:44:49.553485,0.6,0.05
394,N Thompson,Kurt,-0.17353188601782527,2020-10-11 20:44:49.553485,0.6,0.05
395,Linden,Henry,-0.17715383010995156,2020-10-11 20:44:49.553485,0.6,0.05
396,Regent,Rock,-0.180900308311533,2020-10-11 20:44:49.553485,0.6,0.05
397,Jenifer,S Few,-0.18146418399524367,2020-10-11 20:44:49.553485,0.6,0.05
398,Piping Rock,Hathaway,-0.1828560469009553,2020-10-11 20:44:49.553485,0.6,0.05
399,Beltline S,Underpass,-0.18363041918486528,2020-10-11 20:44:49.553485,0.6,0.05
400,Milwaukee,N Thompson,-0.18585472299838657,2020-10-11 20:44:49.553485,0.6,0.05
401,Milwaukee,Milo,-0.1869055150425283,2020-10-11 20:44:49.553485,0.6,0.05
402,Eagan,East Towne,-0.18702299678099793,2020-10-11 20:44:49.553485,0.6,0.05
403,Fitchrona,Kapec,-0.18796868418163207,2020-10-11 20:44:49.553485,0.6,0.05
404,Reetz,Flad,-0.18832396621135722,2020-10-11 20:44:49.553485,0.6,0.05
405,Seminole,Doncaster,-0.1913495713721099,2020-10-11 20:44:49.553485,0.6,0.05
406,Hammersley,Brookwood,-0.19172372391926185,2020-10-11 20:44:49.553485,0.6,0.05
407,Red Arrow,Pawnee,-0.19191342029940014,2020-10-11 20:44:49.553485,0.6,0.05
408,Commonwealth,Gregory,-0.19272211919585863,2020-10-11 20:44:49.553485,0.6,0.05
409,Verona E,Red Arrow,-0.19410441180869964,2020-10-11 20:44:49.553485,0.6,0.05
410,Park,Hubbard,-0.1950303026431483,2020-10-11 20:44:49.553485,0.6,0.05
411,S Park,Beld,-0.19517103547608297,2020-10-11 20:44:49.553485,0.6,0.05
412,Lovell,Chalet Gardens,-0.19771239869821594,2020-10-11 20:44:49.553485,0.6,0.05
413,Pflaum,Camden,-0.19848090991982067,2020-10-11 20:44:49.553485,0.6,0.05
414,Badger,Nob Hill,-0.1990630706693755,2020-10-11 20:44:49.553485,0.6,0.05
415,Milwaukee,Swanton,-0.19913511029940925,2020-10-11 20:44:49.553485,0.6,0.05
416,Acewood,Cottage Grove,-0.19948062337396322,2020-10-11 20:44:49.553485,0.6,0.05
417,Deer Valley,Pheasant Ridge,-0.1998254092166477,2020-10-11 20:44:49.553485,0.6,0.05
418,N Sherman,Mayfield,-0.20010560845010184,2020-10-11 20:44:49.553485,0.6,0.05
419,S Bassett,W Doty,-0.20060249965280907,2020-10-11 20:44:49.553485,0.6,0.05
420,Wright,Madison College,-0.20160939873599973,2020-10-11 20:44:49.553485,0.6,0.05
421,University,Bristol,-0.20192707460543702,2020-10-11 20:44:49.553485,0.6,0.05
422,Fortune,Sweeney,-0.20321393692513517,2020-10-11 20:44:49.553485,0.6,0.05
423,International,Economy Lot,-0.20343052637860426,2020-10-11 20:44:49.553485,0.6,0.05
424,North Star,Sharpsburg,-0.20477952185470488,2020-10-11 20:44:49.553485,0.6,0.05
425,Brandenburg,Freese,-0.20516962295971755,2020-10-11 20:44:49.553485,0.6,0.05
426,E Washington,N Livingston,-0.20639916694545327,2020-10-11 20:44:49.553485,0.6,0.05
427,Packers,Manley,-0.20744736889771867,2020-10-11 20:44:49.553485,0.6,0.05
428,E Rusk,N Rusk,-0.20793891562724137,2020-10-11 20:44:49.553485,0.6,0.05
429,Brookwood,Piping Rock,-0.20950758061790836,2020-10-11 20:44:49.553485,0.6,0.05
430,S High Point,Mineral Point,-0.2096680839927922,2020-10-11 20:44:49.553485,0.6,0.05
431,S Mills,Mound,-0.2106789088994756,2020-10-11 20:44:49.553485,0.6,0.05
432,W Dayton,N Orchard,-0.2110467631110493,2020-10-11 20:44:49.553485,0.6,0.05
433,Bluff,N Blackhawk,-0.21117954773108466,2020-10-11 20:44:49.553485,0.6,0.05
434,N Sherman,Aberg,-0.21359259213614673,2020-10-11 20:44:49.553485,0.6,0.05
435,Regent,Kenosha,-0.21404503653243617,2020-10-11 20:44:49.553485,0.6,0.05
436,Tokay,Frederick,-0.21433703836761114,2020-10-11 20:44:49.553485,0.6,0.05
437,Odana,Smart Motors,-0.21462786002623824,2020-10-11 20:44:49.553485,0.6,0.05
438,N Midvale,Heather,-0.21570585439278303,2020-10-11 20:44:49.553485,0.6,0.05
439,S Midvale,Midvale School,-0.21900644314181464,2020-10-11 20:44:49.553485,0.6,0.05
440,Fish Hatchery,Post,-0.2202256167223641,2020-10-11 20:44:49.553485,0.6,0.05
441,Deming,Holiday,-0.22270610850847936,2020-10-11 20:44:49.553485,0.6,0.05
442,Branch,Pheasant,-0.2230234761113868,2020-10-11 20:44:49.553485,0.6,0.05
443,Post,Coho,-0.22570099720887732,2020-10-11 20:44:49.553485,0.6,0.05
444,N Allen,Chamberlain,-0.22599690027816585,2020-10-11 20:44:49.553485,0.6,0.05
445,Carnwood,Mckenna,-0.2270175894842969,2020-10-11 20:44:49.553485,0.6,0.05
446,E Washington,E Johnson,-0.22758360284890145,2020-10-11 20:44:49.553485,0.6,0.05
447,Valor,Eagles Perch,-0.22857186685431305,2020-10-11 20:44:49.553485,0.6,0.05
448,Commercial,Kedzie,-0.23013382320905373,2020-10-11 20:44:49.553485,0.6,0.05
449,Old Middleton,S Highlands,-0.23064540863958966,2020-10-11 20:44:49.553485,0.6,0.05
450,Greenway,Bryant,-0.23108755494751068,2020-10-11 20:44:49.553485,0.6,0.05
451,University Bay,Marshall,-0.23127343975000458,2020-10-11 20:44:49.553485,0.6,0.05
452,International,Darwin,-0.23184156111513224,2020-10-11 20:44:49.553485,0.6,0.05
453,W Broadway,Hoboken,-0.23221807550851348,2020-10-11 20:44:49.553485,0.6,0.05
454,Schroeder,Highway Ramp,-0.2324981880075504,2020-10-11 20:44:49.553485,0.6,0.05
455,Eagle Heights,Shelter,-0.23628664878970246,2020-10-11 20:44:49.553485,0.6,0.05
456,W Olin,Hickory,-0.2367588062646186,2020-10-11 20:44:49.553485,0.6,0.05
457,Merryturn,Kevins,-0.24098721627577296,2020-10-11 20:44:49.553485,0.6,0.05
458,Winnebago,Atwood,-0.24160463126471962,2020-10-11 20:44:49.553485,0.6,0.05
459,E Olin,Expo,-0.24357814918596896,2020-10-11 20:44:49.553485,0.6,0.05
460,Toepfer,Saint Clair,-0.24560802223414357,2020-10-11 20:44:49.553485,0.6,0.05
461,S Sprecher,Dominion,-0.24577390171158311,2020-10-11 20:44:49.553485,0.6,0.05
462,Koster,Ardmore,-0.24579583450519232,2020-10-11 20:44:49.553485,0.6,0.05
463,Wyalusing,Aztalan,-0.24589283009891127,2020-10-11 20:44:49.553485,0.6,0.05
464,W Towne Ring,Chilis,-0.24677825836573797,2020-10-11 20:44:49.553485,0.6,0.05
465,Hargrove,Tulane,-0.24779492673574538,2020-10-11 20:44:49.553485,0.6,0.05
466,S Whitney,Marathon,-0.24787983009893827,2020-10-11 20:44:49.553485,0.6,0.05
467,King James,King James,-0.2527746464143894,2020-10-11 20:44:49.553485,0.6,0.05
468,Observatory,Liz Waters,-0.2541270802735003,2020-10-11 20:44:49.553485,0.6,0.05
469,J Q Hammons,Greenway,-0.2541515809869649,2020-10-11 20:44:49.553485,0.6,0.05
470,Anderson,Madison College,-0.2547646130347068,2020-10-11 20:44:49.553485,0.6,0.05
471,Dempsey,Rockwell,-0.2577281316026745,2020-10-11 20:44:49.553485,0.6,0.05
472,Market,Deming,-0.25832340692941796,2020-10-11 20:44:49.553485,0.6,0.05
473,Atwood,Margaret,-0.25857637021958896,2020-10-11 20:44:49.553485,0.6,0.05
474,Northport,Barby,-0.26058385075676305,2020-10-11 20:44:49.553485,0.6,0.05
475,Dempsey,Cottage Grove,-0.26442144213918317,2020-10-11 20:44:49.553485,0.6,0.05
476,N Thompson,Commercial,-0.26545039798302766,2020-10-11 20:44:49.553485,0.6,0.05
477,Monroe,Van Buren,-0.26607441575431223,2020-10-11 20:44:49.553485,0.6,0.05
478,Monroe,S Prospect,-0.2670947883600425,2020-10-11 20:44:49.553485,0.6,0.05
479,Walter,Richard,-0.26869409211340906,2020-10-11 20:44:49.553485,0.6,0.05
480,Carling,Verona E,-0.2686948148880657,2020-10-11 20:44:49.553485,0.6,0.05
481,High Crossing,Crossroads,-0.2743048807824868,2020-10-11 20:44:49.553485,0.6,0.05
482,Melody,Independence,-0.2751588095724468,2020-10-11 20:44:49.553485,0.6,0.05
483,Grandview,Kingston,-0.27529366031322045,2020-10-11 20:44:49.553485,0.6,0.05
484,Nakoma,Whenona,-0.2753066119431909,2020-10-11 20:44:49.553485,0.6,0.05
485,Science,Science,-0.27975824651166076,2020-10-11 20:44:49.553485,0.6,0.05
486,Dominion,Galileo,-0.27992412862325416,2020-10-11 20:44:49.553485,0.6,0.05
487,S Thompson,Orlando Bell,-0.28178588025121876,2020-10-11 20:44:49.553485,0.6,0.05
488,Troy,School,-0.28567013482573983,2020-10-11 20:44:49.553485,0.6,0.05
489,Old Middleton,N Highlands,-0.28626635410002776,2020-10-11 20:44:49.553485,0.6,0.05
490,Davies,Maher,-0.2863131879465785,2020-10-11 20:44:49.553485,0.6,0.05
491,Mckenna,Yorktown,-0.28904664673426633,2020-10-11 20:44:49.553485,0.6,0.05
492,Cottage Grove,Inwood,-0.2891016115867284,2020-10-11 20:44:49.553485,0.6,0.05
493,Inner,Gettysburg,-0.2893300934581667,2020-10-11 20:44:49.553485,0.6,0.05
494,Troy,Forster,-0.29212854553464046,2020-10-11 20:44:49.553485,0.6,0.05
495,Jenifer,S Livingston,-0.2925268458399933,2020-10-11 20:44:49.553485,0.6,0.05
496,S Whitney,Odana,-0.29270732780243003,2020-10-11 20:44:49.553485,0.6,0.05
497,S Ingersoll,E Washington,-0.29289384183559364,2020-10-11 20:44:49.553485,0.6,0.05
498,W Wilson,S Hamilton,-0.2935324334806123,2020-10-11 20:44:49.553485,0.6,0.05
499,E Johnson,N Blount,-0.2937945418975574,2020-10-11 20:44:49.553485,0.6,0.05
500,Londonderry,Packers,-0.29389986828687664,2020-10-11 20:44:49.553485,0.6,0.05
501,Langdon,N Park,-0.29485283378111604,2020-10-11 20:44:49.553485,0.6,0.05
502,E Johnson,N Ingersoll,-0.29733396772421117,2020-10-11 20:44:49.553485,0.6,0.05
503,Franklin,Bristol,-0.30202245629026003,2020-10-11 20:44:49.553485,0.6,0.05
504,Stewart,Latham,-0.30214544390551806,2020-10-11 20:44:49.553485,0.6,0.05
505,N Stoughton E,Orin,-0.30244530739736797,2020-10-11 20:44:49.553485,0.6,0.05
506,Cottage Grove,Meadowlark,-0.30259897225707244,2020-10-11 20:44:49.553485,0.6,0.05
507,E Johnson,N Livingston,-0.30324549762562153,2020-10-11 20:44:49.553485,0.6,0.05
508,N Sherman,Roth,-0.30341532251113673,2020-10-11 20:44:49.553485,0.6,0.05
509,Williamson,S Blount,-0.30424182000655886,2020-10-11 20:44:49.553485,0.6,0.05
510,Fish Hatchery,Wingra,-0.30664680662702726,2020-10-11 20:44:49.553485,0.6,0.05
511,E Washington,N Paterson,-0.3075081174240876,2020-10-11 20:44:49.553485,0.6,0.05
512,Troy,Crosswalk,-0.31007109776429626,2020-10-11 20:44:49.553485,0.6,0.05
513,E Washington,N Ingersoll,-0.3102647506180782,2020-10-11 20:44:49.553485,0.6,0.05
514,Highland,V A Hospital,-0.31095992008675666,2020-10-11 20:44:49.553485,0.6,0.05
515,Walnut,G Pinchot,-0.31156541625698486,2020-10-11 20:44:49.553485,0.6,0.05
516,Sheboygan,N Whitney,-0.31164995162474446,2020-10-11 20:44:49.553485,0.6,0.05
517,Tompkins,Maher,-0.311926888873186,2020-10-11 20:44:49.553485,0.6,0.05
518,Lien,Zeier,-0.31270577655312404,2020-10-11 20:44:49.553485,0.6,0.05
519,Troy,Karstens,-0.31277028863772466,2020-10-11 20:44:49.553485,0.6,0.05
520,Winnebago,Riverside,-0.31348119197938085,2020-10-11 20:44:49.553485,0.6,0.05
521,Gilson,Cedar,-0.31353241242835594,2020-10-11 20:44:49.553485,0.6,0.05
522,University,N Whitney,-0.3146434428818239,2020-10-11 20:44:49.553485,0.6,0.05
523,S Stoughton W,Pflaum,-0.3151297738700951,2020-10-11 20:44:49.553485,0.6,0.05
524,Marsh,Lot 60,-0.31605532468556036,2020-10-11 20:44:49.553485,0.6,0.05
525,E Washington,S Livingston,-0.3170343841807237,2020-10-11 20:44:49.553485,0.6,0.05
526,Toepfer,Birch,-0.3171603816712033,2020-10-11 20:44:49.553485,0.6,0.05
527,Odana,Tokay,-0.31807143061853627,2020-10-11 20:44:49.553485,0.6,0.05
528,Muir Field,Silverton,-0.32086580236012857,2020-10-11 20:44:49.553485,0.6,0.05
529,E Washington,S Paterson,-0.32107802881368375,2020-10-11 20:44:49.553485,0.6,0.05
530,Old Middleton,N Rosa,-0.3221398180260229,2020-10-11 20:44:49.553485,0.6,0.05
531,Toepfer,Tokay,-0.3222709303215978,2020-10-11 20:44:49.553485,0.6,0.05
532,Williamson,S Dickinson,-0.32346054970350546,2020-10-11 20:44:49.553485,0.6,0.05
533,E Johnson,N Third,-0.32363050016036593,2020-10-11 20:44:49.553485,0.6,0.05
534,Turner,Buckeye,-0.32510942272917964,2020-10-11 20:44:49.553485,0.6,0.05
535,Schroeder,Chapel Hill,-0.3255040835940879,2020-10-11 20:44:49.553485,0.6,0.05
536,Atwood,S Fair Oaks,-0.3273798007683201,2020-10-11 20:44:49.553485,0.6,0.05
537,Old Sauk,Samuel,-0.3279696163548971,2020-10-11 20:44:49.553485,0.6,0.05
538,Packers,International,-0.3288540883994151,2020-10-11 20:44:49.553485,0.6,0.05
539,E Gorham,N Butler,-0.32938524597867036,2020-10-11 20:44:49.553485,0.6,0.05
540,Cottage Grove,Ellen,-0.33183926732150804,2020-10-11 20:44:49.553485,0.6,0.05
541,Odana,Seneca,-0.3321559768976877,2020-10-11 20:44:49.553485,0.6,0.05
542,Prairie,Raymond,-0.3348386974430418,2020-10-11 20:44:49.553485,0.6,0.05
543,Bluff,Palomino,-0.3353454201738976,2020-10-11 20:44:49.553485,0.6,0.05
544,Greenway,Deer Creek,-0.3393473857101226,2020-10-11 20:44:49.553485,0.6,0.05
545,Old Sauk,Saukdale,-0.33983465914206956,2020-10-11 20:44:49.553485,0.6,0.05
546,Whenona,Beltline S,-0.341948892342649,2020-10-11 20:44:49.553485,0.6,0.05
547,International,Air Freight,-0.3420101559760491,2020-10-11 20:44:49.553485,0.6,0.05
548,Oakridge,Welch,-0.3460418116612794,2020-10-11 20:44:49.553485,0.6,0.05
549,W Washington,Regent,-0.34739505520659,2020-10-11 20:44:49.553485,0.6,0.05
550,Lake Mendota,Lot N,-0.3474300733970253,2020-10-11 20:44:49.553485,0.6,0.05
551,Turner,Allis,-0.3476697961367827,2020-10-11 20:44:49.553485,0.6,0.05
552,N Thompson,Golden Leaf,-0.3486775812601,2020-10-11 20:44:49.553485,0.6,0.05
553,Northland,Mandrake,-0.3524142142724624,2020-10-11 20:44:49.553485,0.6,0.05
554,Dempsey,Dennett,-0.3532109457554989,2020-10-11 20:44:49.553485,0.6,0.05
555,Raymond,Westchester,-0.35572781185609204,2020-10-11 20:44:49.553485,0.6,0.05
556,D'onofrio,West Towne,-0.35634828302754873,2020-10-11 20:44:49.553485,0.6,0.05
557,Franklin,Parmenter,-0.35694900015105213,2020-10-11 20:44:49.553485,0.6,0.05
558,Manitowish,Comanche,-0.3571899916086096,2020-10-11 20:44:49.553485,0.6,0.05
559,N Breese,University,-0.35862771017809447,2020-10-11 20:44:49.553485,0.6,0.05
560,Hammersley,Whitcomb,-0.36013856930409427,2020-10-11 20:44:49.553485,0.6,0.05
561,Coho,Beltline S,-0.3604753109746648,2020-10-11 20:44:49.553485,0.6,0.05
562,University,Highland,-0.3608568948786588,2020-10-11 20:44:49.553485,0.6,0.05
563,Mineral Point,S Westfield,-0.3628808415414027,2020-10-11 20:44:49.553485,0.6,0.05
564,Bartillon,Kinsman,-0.3634946470580966,2020-10-11 20:44:49.553485,0.6,0.05
565,E Johnson,N Paterson,-0.36484864610482504,2020-10-11 20:44:49.553485,0.6,0.05
566,Oakridge,Maple,-0.36629001943738654,2020-10-11 20:44:49.553485,0.6,0.05
567,Anderson,Wright,-0.3671713182171654,2020-10-11 20:44:49.553485,0.6,0.05
568,Fordem,Mcguire,-0.3706095211020451,2020-10-11 20:44:49.553485,0.6,0.05
569,E Johnson,Fordem,-0.3707729457229833,2020-10-11 20:44:49.553485,0.6,0.05
570,Tokay,U W Health,-0.3736820412354283,2020-10-11 20:44:49.553485,0.6,0.05
571,E Gorham,N Ingersoll,-0.3774935752720826,2020-10-11 20:44:49.553485,0.6,0.05
572,S Midvale,Tokay,-0.37949008682208496,2020-10-11 20:44:49.553485,0.6,0.05
573,S Park,Erin,-0.3807436932239165,2020-10-11 20:44:49.553485,0.6,0.05
574,University,Forest,-0.3813582715271227,2020-10-11 20:44:49.553485,0.6,0.05
575,Tokay,S Segoe,-0.38323870401063476,2020-10-11 20:44:49.553485,0.6,0.05
576,E Washington,Portage,-0.3839495703858527,2020-10-11 20:44:49.553485,0.6,0.05
577,Sheboygan,State Office,-0.38665640285093555,2020-10-11 20:44:49.553485,0.6,0.05
578,Regent,Spooner,-0.3873869757890175,2020-10-11 20:44:49.553485,0.6,0.05
579,Valor,Valor,-0.39047933560234754,2020-10-11 20:44:49.553485,0.6,0.05
580,Odana,Anthony,-0.39302207144613843,2020-10-11 20:44:49.553485,0.6,0.05
581,Commonwealth,Rugby,-0.3933235378295813,2020-10-11 20:44:49.553485,0.6,0.05
582,Bluff,Hoyt,-0.39425607770740567,2020-10-11 20:44:49.553485,0.6,0.05
583,Dominion,Traveler,-0.39507684275682065,2020-10-11 20:44:49.553485,0.6,0.05
584,Walter,Milwaukee,-0.3967404287699761,2020-10-11 20:44:49.553485,0.6,0.05
585,Wyalusing,Summertown,-0.3969372793486754,2020-10-11 20:44:49.553485,0.6,0.05
586,North Star,Copernicus,-0.3980157639707038,2020-10-11 20:44:49.553485,0.6,0.05
587,W Broadway,W P S,-0.39859088208573884,2020-10-11 20:44:49.553485,0.6,0.05
588,North,E Johnson,-0.3986031808828336,2020-10-11 20:44:49.553485,0.6,0.05
589,N Rusk,Nygard,-0.39912942612925706,2020-10-11 20:44:49.553485,0.6,0.05
590,E Johnson,N Sixth,-0.3991606164066164,2020-10-11 20:44:49.553485,0.6,0.05
591,Dempsey,Pinney,-0.3995899241669821,2020-10-11 20:44:49.553485,0.6,0.05
592,Fourier,Deming,-0.3998715493821335,2020-10-11 20:44:49.553485,0.6,0.05
593,W Washington,Brittingham,-0.4007675734897029,2020-10-11 20:44:49.553485,0.6,0.05
594,Forest Run,Forest Ridge,-0.40271228139988835,2020-10-11 20:44:49.553485,0.6,0.05
595,Spaight,S Dickinson,-0.4029594616597121,2020-10-11 20:44:49.553485,0.6,0.05
596,Grandview,Beltline S,-0.40375427499762667,2020-10-11 20:44:49.553485,0.6,0.05
597,S Rosa,Stadium,-0.40430702285092573,2020-10-11 20:44:49.553485,0.6,0.05
598,Red Arrow,Thurston,-0.4051241583388768,2020-10-11 20:44:49.553485,0.6,0.05
599,N Sherman,Sunfield,-0.4073533308592855,2020-10-11 20:44:49.553485,0.6,0.05
600,E Cheryl,Agrace,-0.40856723285420293,2020-10-11 20:44:49.553485,0.6,0.05
601,Prairie,Jacobs,-0.41021302874195037,2020-10-11 20:44:49.553485,0.6,0.05
602,Jenifer,S Brearly,-0.410450685129879,2020-10-11 20:44:49.553485,0.6,0.05
603,Greenway,Le Silve,-0.4135667038028285,2020-10-11 20:44:49.553485,0.6,0.05
604,Fisher,Bram,-0.41426905176851125,2020-10-11 20:44:49.553485,0.6,0.05
605,Oak,Commercial,-0.41526216706315267,2020-10-11 20:44:49.553485,0.6,0.05
606,Monroe,Commonwealth,-0.41625056182442033,2020-10-11 20:44:49.553485,0.6,0.05
607,Amnicon,Aztalan,-0.4170182380333501,2020-10-11 20:44:49.553485,0.6,0.05
608,East Towne Mall,E Towne,-0.4202223697245439,2020-10-11 20:44:49.553485,0.6,0.05
609,University,Grand,-0.42155259179509963,2020-10-11 20:44:49.553485,0.6,0.05
610,Atwood,Waubesa,-0.4223127491659834,2020-10-11 20:44:49.553485,0.6,0.05
611,Offshore,Nautilus,-0.4252726773930076,2020-10-11 20:44:49.553485,0.6,0.05
612,Pflaum,Herro,-0.4309341330613908,2020-10-11 20:44:49.553485,0.6,0.05
613,Deming,Gialamas,-0.43399564494906206,2020-10-11 20:44:49.553485,0.6,0.05
614,Watts,Sky Ridge,-0.4348881018795414,2020-10-11 20:44:49.553485,0.6,0.05
615,E Buckeye,Twilight,-0.435516211069874,2020-10-11 20:44:49.553485,0.6,0.05
616,E Gorham,N Livingston,-0.4365642539255578,2020-10-11 20:44:49.553485,0.6,0.05
617,Hammersley,Saalsaa,-0.43757516348903946,2020-10-11 20:44:49.553485,0.6,0.05
618,Milwaukee,Leon,-0.4405530894412949,2020-10-11 20:44:49.553485,0.6,0.05
619,Watts,Princeton Club,-0.4438491757636127,2020-10-11 20:44:49.553485,0.6,0.05
620,Inner,Colony,-0.4463282373111675,2020-10-11 20:44:49.553485,0.6,0.05
621,Highland,Observatory,-0.44787255994968433,2020-10-11 20:44:49.553485,0.6,0.05
622,Post,Latham,-0.44829819644667573,2020-10-11 20:44:49.553485,0.6,0.05
623,N Thompson,Oak Valley,-0.4521288310307692,2020-10-11 20:44:49.553485,0.6,0.05
624,University,Mayflower,-0.45236722383327105,2020-10-11 20:44:49.553485,0.6,0.05
625,Prairie,Maple Valley,-0.45376853054622807,2020-10-11 20:44:49.553485,0.6,0.05
626,Greenway,Aspen,-0.4540908790750058,2020-10-11 20:44:49.553485,0.6,0.05
627,Acewood,Martha,-0.4564786492212346,2020-10-11 20:44:49.553485,0.6,0.05
628,S Rosa,Driftwood,-0.4596246766187344,2020-10-11 20:44:49.553485,0.6,0.05
629,S Midvale,Mineral Point,-0.4610895840664971,2020-10-11 20:44:49.553485,0.6,0.05
630,Vondron,Mustang,-0.46121444290043734,2020-10-11 20:44:49.553485,0.6,0.05
631,W Wilson,S Bassett,-0.46288980263409973,2020-10-11 20:44:49.553485,0.6,0.05
632,E Johnson,N Dickinson,-0.46625812245568665,2020-10-11 20:44:49.553485,0.6,0.05
633,Odana,Huron,-0.46646172717361717,2020-10-11 20:44:49.553485,0.6,0.05
634,Todd,Greenway,-0.4692969070447177,2020-10-11 20:44:49.553485,0.6,0.05
635,Milwaukee,Corry,-0.4701203203520846,2020-10-11 20:44:49.553485,0.6,0.05
636,Agriculture,Pflaum,-0.47048112281963206,2020-10-11 20:44:49.553485,0.6,0.05
637,Rimrock,Kent,-0.47156618876628714,2020-10-11 20:44:49.553485,0.6,0.05
638,Driveway,Prairie Towne,-0.4722168948539467,2020-10-11 20:44:49.553485,0.6,0.05
639,Struck,Watts,-0.4722676313463365,2020-10-11 20:44:49.553485,0.6,0.05
640,E Gorham,N Paterson,-0.4731920438465137,2020-10-11 20:44:49.553485,0.6,0.05
641,Junction,Old Sauk,-0.47813107284316175,2020-10-11 20:44:49.553485,0.6,0.05
642,E Terrace,Herzing,-0.4797102059175321,2020-10-11 20:44:49.553485,0.6,0.05
643,Northport,Warner Park,-0.482154330202705,2020-10-11 20:44:49.553485,0.6,0.05
644,Troy,Goodland,-0.48431440953648414,2020-10-11 20:44:49.553485,0.6,0.05
645,Oakridge,Miller,-0.48434547394486266,2020-10-11 20:44:49.553485,0.6,0.05
646,S Thompson,Vondron,-0.48927941068078906,2020-10-11 20:44:49.553485,0.6,0.05
647,S Segoe,Waukesha,-0.4899532364111895,2020-10-11 20:44:49.553485,0.6,0.05
648,Milwaukee,Starkweather,-0.49215100894931973,2020-10-11 20:44:49.553485,0.6,0.05
649,Deming,John Deere,-0.4969259887592599,2020-10-11 20:44:49.553485,0.6,0.05
650,Terrace,Parmenter,-0.49750768894532227,2020-10-11 20:44:49.553485,0.6,0.05
651,Sheboygan,Eau Claire,-0.49880227258093446,2020-10-11 20:44:49.553485,0.6,0.05
652,N Fair Oaks,E Washington,-0.49998910339738656,2020-10-11 20:44:49.553485,0.6,0.05
653,University,Flambeau,-0.5005671057855184,2020-10-11 20:44:49.553485,0.6,0.05
654,Fish Hatchery,Midland,-0.5017897111860077,2020-10-11 20:44:49.553485,0.6,0.05
655,Fish Hatchery,Plaenert,-0.5038123512621897,2020-10-11 20:44:49.553485,0.6,0.05
656,W Washington,Southwest,-0.5060473852589205,2020-10-11 20:44:49.553485,0.6,0.05
657,N Thompson,Mesta,-0.5072467807808416,2020-10-11 20:44:49.553485,0.6,0.05
658,S Gammon,Watts,-0.5084351088763737,2020-10-11 20:44:49.553485,0.6,0.05
659,Mineral Point,Robin,-0.5106629657599627,2020-10-11 20:44:49.553485,0.6,0.05
660,Tompkins,Herro,-0.5121345717946393,2020-10-11 20:44:49.553485,0.6,0.05
661,W Olin,Lake,-0.5142461915727934,2020-10-11 20:44:49.553485,0.6,0.05
662,Junction,City Center W,-0.5161304179642943,2020-10-11 20:44:49.553485,0.6,0.05
663,North,Toussaint,-0.5188454259115476,2020-10-11 20:44:49.553485,0.6,0.05
664,Mid Town,S Pleasant View,-0.5193481158415916,2020-10-11 20:44:49.553485,0.6,0.05
665,Dutch Mill,Ellestad,-0.5219147165734905,2020-10-11 20:44:49.553485,0.6,0.05
666,Atwood,Olbrich,-0.5234454677279621,2020-10-11 20:44:49.553485,0.6,0.05
667,Walter,Dawes,-0.523713212496953,2020-10-11 20:44:49.553485,0.6,0.05
668,S Thompson,Forge,-0.5249977532256107,2020-10-11 20:44:49.553485,0.6,0.05
669,Deming,Murphy,-0.525715623772671,2020-10-11 20:44:49.553485,0.6,0.05
670,Burning Wood,Arapahoe,-0.528149184941209,2020-10-11 20:44:49.553485,0.6,0.05
671,Nakoma,Waban,-0.5298068169882248,2020-10-11 20:44:49.553485,0.6,0.05
672,N Breese,Hoyt,-0.5302444589172641,2020-10-11 20:44:49.553485,0.6,0.05
673,Cottage Grove,S Thompson,-0.5304951509647584,2020-10-11 20:44:49.553485,0.6,0.05
674,Deming,Terrace,-0.531424083738418,2020-10-11 20:44:49.553485,0.6,0.05
675,Northport,Dryden,-0.5344061928165948,2020-10-11 20:44:49.553485,0.6,0.05
676,Sherman,Mcguire,-0.5349137884626459,2020-10-11 20:44:49.553485,0.6,0.05
677,W Verona,N Main,-0.535060959370697,2020-10-11 20:44:49.553485,0.6,0.05
678,Watts,Woodmans,-0.5359073995671138,2020-10-11 20:44:49.553485,0.6,0.05
679,Lake Point,Hoboken,-0.5368859392012965,2020-10-11 20:44:49.553485,0.6,0.05
680,Greenway,Applegate,-0.5371548748962609,2020-10-11 20:44:49.553485,0.6,0.05
681,Mineral Point,S Segoe,-0.5385585498408838,2020-10-11 20:44:49.553485,0.6,0.05
682,Hammersley,S Whitney,-0.5391631334343749,2020-10-11 20:44:49.553485,0.6,0.05
683,Fitchrona,Target,-0.5421126117119925,2020-10-11 20:44:49.553485,0.6,0.05
684,Commercial S,N Fair Oaks,-0.542334947109984,2020-10-11 20:44:49.553485,0.6,0.05
685,Kendall,N Franklin,-0.5426970522989198,2020-10-11 20:44:49.553485,0.6,0.05
686,D'onofrio,S High Point,-0.5430919210668695,2020-10-11 20:44:49.553485,0.6,0.05
687,S Thompson,Droster,-0.5439323614446191,2020-10-11 20:44:49.553485,0.6,0.05
688,Park Lawn,Maywood,-0.5442183805422169,2020-10-11 20:44:49.553485,0.6,0.05
689,Ski,Girl Scouts,-0.5445366845295351,2020-10-11 20:44:49.553485,0.6,0.05
690,S Park,Buick,-0.5470831437955693,2020-10-11 20:44:49.553485,0.6,0.05
691,University Green,Pleasant View,-0.5478103087722219,2020-10-11 20:44:49.553485,0.6,0.05
692,S Whitney,Bartlett,-0.5480076689833506,2020-10-11 20:44:49.553485,0.6,0.05
693,E Johnson,N Fourth,-0.5485303573343289,2020-10-11 20:44:49.553485,0.6,0.05
694,Observatory,Elm,-0.5489813739162563,2020-10-11 20:44:49.553485,0.6,0.05
695,Odana,S Segoe,-0.5500924809966099,2020-10-11 20:44:49.553485,0.6,0.05
696,S Gammon,Odana,-0.550200546800497,2020-10-11 20:44:49.553485,0.6,0.05
697,Branch,Franklin,-0.5519153168434128,2020-10-11 20:44:49.553485,0.6,0.05
698,Milwaukee,Kurt,-0.5519411269959131,2020-10-11 20:44:49.553485,0.6,0.05
699,Reetz,Marvin,-0.5520826686704663,2020-10-11 20:44:49.553485,0.6,0.05
700,Tokay,Wedgewood,-0.5528577606533043,2020-10-11 20:44:49.553485,0.6,0.05
701,E Badger,Rimrock,-0.556212652859037,2020-10-11 20:44:49.553485,0.6,0.05
702,Discovery,Parmenter,-0.5584518789040644,2020-10-11 20:44:49.553485,0.6,0.05
703,Pflaum,Seiferth,-0.5596674911003985,2020-10-11 20:44:49.553485,0.6,0.05
704,Troy,Lerdahl,-0.5622755507082333,2020-10-11 20:44:49.553485,0.6,0.05
705,Murphy,Green,-0.5635971771081578,2020-10-11 20:44:49.553485,0.6,0.05
706,Commonwealth,Leonard,-0.5643556196356633,2020-10-11 20:44:49.553485,0.6,0.05
707,Donna,Park,-0.5653897391238496,2020-10-11 20:44:49.553485,0.6,0.05
708,Middleton,South,-0.5692427813948184,2020-10-11 20:44:49.553485,0.6,0.05
709,Watts,Commerce,-0.5694481982691997,2020-10-11 20:44:49.553485,0.6,0.05
710,Turner,Ruth,-0.5705159834146478,2020-10-11 20:44:49.553485,0.6,0.05
711,Mendota,Gateway,-0.5732479165692084,2020-10-11 20:44:49.553485,0.6,0.05
712,Tennyson,N Sherman,-0.5819549379178625,2020-10-11 20:44:49.553485,0.6,0.05
713,W Badger,Cypress,-0.5830314684493572,2020-10-11 20:44:49.553485,0.6,0.05
714,N Pleasant View,E T C Building,-0.5909036095319327,2020-10-11 20:44:49.553485,0.6,0.05
715,Buckeye,Camden,-0.5922097066791827,2020-10-11 20:44:49.553485,0.6,0.05
716,Fitchrona,Hy-vee,-0.5938983809557011,2020-10-11 20:44:49.553485,0.6,0.05
717,S Park,Wingra,-0.5950071699349361,2020-10-11 20:44:49.553485,0.6,0.05
718,E Verona,S Main,-0.5964251541477754,2020-10-11 20:44:49.553485,0.6,0.05
719,S Park,W Washington,-0.6041678330625151,2020-10-11 20:44:49.553485,0.6,0.05
720,High Ridge,Cahill,-0.6050159145370801,2020-10-11 20:44:49.553485,0.6,0.05
721,N First,E Johnson,-0.605034847528982,2020-10-11 20:44:49.553485,0.6,0.05
722,Nakoma,Spring,-0.6063004589713121,2020-10-11 20:44:49.553485,0.6,0.05
723,Tokay,Chatham,-0.6065551797378854,2020-10-11 20:44:49.553485,0.6,0.05
724,Anderson,Hoffman,-0.610440198216442,2020-10-11 20:44:49.553485,0.6,0.05
725,Old Sauk,Excelsior,-0.6136765309062748,2020-10-11 20:44:49.553485,0.6,0.05
726,Lien,Parkside,-0.6151302247000858,2020-10-11 20:44:49.553485,0.6,0.05
727,Market,Aspen,-0.6155285547328158,2020-10-11 20:44:49.553485,0.6,0.05
728,Allen,Mendota,-0.6156251997571389,2020-10-11 20:44:49.553485,0.6,0.05
729,Kinsman,N Stoughton,-0.6212552155490877,2020-10-11 20:44:49.553485,0.6,0.05
730,W Washington,Park View,-0.6228139665405041,2020-10-11 20:44:49.553485,0.6,0.05
731,Speedway,S Franklin,-0.6230079136952527,2020-10-11 20:44:49.553485,0.6,0.05
732,Milwaukee,North Star,-0.6269108609965011,2020-10-11 20:44:49.553485,0.6,0.05
733,E Springs,Pet Smart,-0.6281913223244298,2020-10-11 20:44:49.553485,0.6,0.05
734,Division,Oakridge,-0.630301991491277,2020-10-11 20:44:49.553485,0.6,0.05
735,Fish Hatchery,Traceway,-0.6317923158692258,2020-10-11 20:44:49.553485,0.6,0.05
736,Beld,Gilson,-0.6318081249688597,2020-10-11 20:44:49.553485,0.6,0.05
737,E Buckeye,S Stoughton E,-0.631917091881491,2020-10-11 20:44:49.553485,0.6,0.05
738,Post,Leopold,-0.6353482691451557,2020-10-11 20:44:49.553485,0.6,0.05
739,S Whitney,South Hill,-0.6366619821603074,2020-10-11 20:44:49.553485,0.6,0.05
740,E Cheryl,Big Bluestem,-0.6383796703967384,2020-10-11 20:44:49.553485,0.6,0.05
741,N Sherman,Fordem,-0.6391141979790014,2020-10-11 20:44:49.553485,0.6,0.05
742,University,Princeton,-0.6438195598630417,2020-10-11 20:44:49.553485,0.6,0.05
743,Cottage Grove,Flora,-0.6459590901912149,2020-10-11 20:44:49.553485,0.6,0.05
744,Parmenter,Lee,-0.6462611736935293,2020-10-11 20:44:49.553485,0.6,0.05
745,Vondron,E Buckeye,-0.6490620975382053,2020-10-11 20:44:49.553485,0.6,0.05
746,Park,Pheasant Branch,-0.6492182686798549,2020-10-11 20:44:49.553485,0.6,0.05
747,Oakridge,Evergreen,-0.6497168497916002,2020-10-11 20:44:49.553485,0.6,0.05
748,Lien,E Washington,-0.6514679427962722,2020-10-11 20:44:49.553485,0.6,0.05
749,Beltline S,Highway Ramp,-0.6556661595137532,2020-10-11 20:44:49.553485,0.6,0.05
750,Old Middleton,Eau Claire,-0.6590261488280362,2020-10-11 20:44:49.553485,0.6,0.05
751,Sawmill,Ramsgate,-0.6590769731474488,2020-10-11 20:44:49.553485,0.6,0.05
752,Dempsey,Hynek,-0.6599735902531856,2020-10-11 20:44:49.553485,0.6,0.05
753,S Whitney,Tolman,-0.6613403720504649,2020-10-11 20:44:49.553485,0.6,0.05
754,Parview,Murphy,-0.6624756959271394,2020-10-11 20:44:49.553485,0.6,0.05
755,West Towne,Kohls,-0.6708400184406668,2020-10-11 20:44:49.553485,0.6,0.05
756,Portage,Rieder,-0.6720633327208416,2020-10-11 20:44:49.553485,0.6,0.05
757,Junction,Mineral Point,-0.672562010719661,2020-10-11 20:44:49.553485,0.6,0.05
758,Crescent,Red Arrow,-0.673060592253351,2020-10-11 20:44:49.553485,0.6,0.05
759,Walnut,Observatory,-0.6751449028172649,2020-10-11 20:44:49.553485,0.6,0.05
760,E Buckeye,Woodvale,-0.6776080619261571,2020-10-11 20:44:49.553485,0.6,0.05
761,Moorland,Badger,-0.679054757152261,2020-10-11 20:44:49.553485,0.6,0.05
762,Post,Todd,-0.6799946749443827,2020-10-11 20:44:49.553485,0.6,0.05
763,Odana,Medical,-0.6817053490283991,2020-10-11 20:44:49.553485,0.6,0.05
764,Starker,Angel Crest,-0.6829018118285075,2020-10-11 20:44:49.553485,0.6,0.05
765,E Gorham,N Blount,-0.6829033828391596,2020-10-11 20:44:49.553485,0.6,0.05
766,Observatory,Babcock,-0.6853041855698636,2020-10-11 20:44:49.553485,0.6,0.05
767,W Towne Ring,W Towne Mall,-0.6862364830399668,2020-10-11 20:44:49.553485,0.6,0.05
768,Mckenna,Pilgrim,-0.6898431588952564,2020-10-11 20:44:49.553485,0.6,0.05
769,Hardrock,Limestone,-0.6913147590788729,2020-10-11 20:44:49.553485,0.6,0.05
770,Swanton,Easley,-0.6914445628787123,2020-10-11 20:44:49.553485,0.6,0.05
771,Merryturn,Sudbury,-0.6945163130210892,2020-10-11 20:44:49.553485,0.6,0.05
772,Fordem,Lakewood,-0.6953080813789061,2020-10-11 20:44:49.553485,0.6,0.05
773,Prairie,Pioneer,-0.6959830968638118,2020-10-11 20:44:49.553485,0.6,0.05
774,Todd,Pelham,-0.7010605396804752,2020-10-11 20:44:49.553485,0.6,0.05
775,Crawford,Helene,-0.7030523564325986,2020-10-11 20:44:49.553485,0.6,0.05
776,Tokay,Charles,-0.7046362826983243,2020-10-11 20:44:49.553485,0.6,0.05
777,E Washington,Lexington,-0.7109512530668763,2020-10-11 20:44:49.553485,0.6,0.05
778,Montclair,Pleasant View,-0.7131741119003777,2020-10-11 20:44:49.553485,0.6,0.05
779,Monroe,Knickerbocker,-0.713495038849802,2020-10-11 20:44:49.553485,0.6,0.05
780,S Thompson,Grafton,-0.7209180753584098,2020-10-11 20:44:49.553485,0.6,0.05
781,S Gammon,Schroeder,-0.7225237317421722,2020-10-11 20:44:49.553485,0.6,0.05
782,Science,S Whitney,-0.7227908279576016,2020-10-11 20:44:49.553485,0.6,0.05
783,Regent,Rennebohm,-0.723055911606886,2020-10-11 20:44:49.553485,0.6,0.05
784,Mineral Point,Westmorland,-0.7256510764031268,2020-10-11 20:44:49.553485,0.6,0.05
785,E Washington,Mendota,-0.7272089781960288,2020-10-11 20:44:49.553485,0.6,0.05
786,Mineral Point,Memorial High,-0.7298901818803987,2020-10-11 20:44:49.553485,0.6,0.05
787,Allen,Century,-0.7326803899375969,2020-10-11 20:44:49.553485,0.6,0.05
788,S Whitney,Piping Rock,-0.7373297482635213,2020-10-11 20:44:49.553485,0.6,0.05
789,Tennyson,Eliot,-0.7407843853698475,2020-10-11 20:44:49.553485,0.6,0.05
790,Pilgrim,Prairie,-0.7481328255585554,2020-10-11 20:44:49.553485,0.6,0.05
791,E Washington,Yahara,-0.7545329499914656,2020-10-11 20:44:49.553485,0.6,0.05
792,Fourier,J Q Hammons,-0.7597288318648037,2020-10-11 20:44:49.553485,0.6,0.05
793,Old Sauk,N Westfield,-0.761062883496879,2020-10-11 20:44:49.553485,0.6,0.05
794,Beltline N,Todd,-0.7630304638477368,2020-10-11 20:44:49.553485,0.6,0.05
795,Science,505,-0.7667864162139246,2020-10-11 20:44:49.553485,0.6,0.05
796,Shopko,Aberg,-0.7708168218981899,2020-10-11 20:44:49.553485,0.6,0.05
797,School,Havey,-0.7717752445608709,2020-10-11 20:44:49.553485,0.6,0.05
798,Wright,Straubel,-0.7741414465101075,2020-10-11 20:44:49.553485,0.6,0.05
799,Monroe,Glenway,-0.7872958744925688,2020-10-11 20:44:49.553485,0.6,0.05
800,West Transfer Point,Tokay,-0.7915237771268355,2020-10-11 20:44:49.553485,0.6,0.05
801,Donna,Northbrook,-0.8040010077141698,2020-10-11 20:44:49.553485,0.6,0.05
802,South Transfer Point,S Park,-0.8071442956534514,2020-10-11 20:44:49.553485,0.6,0.05
803,S Whitney,Schroeder,-0.8081334930863815,2020-10-11 20:44:49.553485,0.6,0.05
804,N Thompson,Meadows,-0.8100771496380175,2020-10-11 20:44:49.553485,0.6,0.05
805,Lien,Thierer,-0.8105083775678517,2020-10-11 20:44:49.553485,0.6,0.05
806,S Stoughton E,Dean East,-0.811113853680718,2020-10-11 20:44:49.553485,0.6,0.05
807,Severn,S Thompson,-0.8141788259495628,2020-10-11 20:44:49.553485,0.6,0.05
808,Research Park,Lacy,-0.8148841261644899,2020-10-11 20:44:49.553485,0.6,0.05
809,Prairie,Lomax,-0.8231987618736252,2020-10-11 20:44:49.553485,0.6,0.05
810,Raymond,Gilbert,-0.8232771402173704,2020-10-11 20:44:49.553485,0.6,0.05
811,Atwood,Cottage Grove,-0.8246422727434808,2020-10-11 20:44:49.553485,0.6,0.05
812,Buckeye,Lakeview,-0.8378223518102965,2020-10-11 20:44:49.553485,0.6,0.05
813,S Thompson,Rustic Wood,-0.8471572209346614,2020-10-11 20:44:49.553485,0.6,0.05
814,Mineral Point,Berwyn,-0.84932961636747,2020-10-11 20:44:49.553485,0.6,0.05
815,Atwood,Oakridge,-0.8513247429647663,2020-10-11 20:44:49.553485,0.6,0.05
816,Mineral Point,S Owen,-0.8565956367486216,2020-10-11 20:44:49.553485,0.6,0.05
817,Raymond,Lewon,-0.8583798737464996,2020-10-11 20:44:49.553485,0.6,0.05
818,Watts,Walmart,-0.8597033261448569,2020-10-11 20:44:49.553485,0.6,0.05
819,University,Ridge,-0.8616985267477588,2020-10-11 20:44:49.553485,0.6,0.05
820,Capital,Old Middleton,-0.865282831588048,2020-10-11 20:44:49.553485,0.6,0.05
821,Hammersley,Frisch,-0.8679709493422414,2020-10-11 20:44:49.553485,0.6,0.05
822,N Thompson,Swanton,-0.8739131390880898,2020-10-11 20:44:49.553485,0.6,0.05
823,Atlas,Argosy,-0.8804715615445182,2020-10-11 20:44:49.553485,0.6,0.05
824,University,N Blackhawk,-0.8820852121210586,2020-10-11 20:44:49.553485,0.6,0.05
825,South Towne,Royal,-0.8823410446277704,2020-10-11 20:44:49.553485,0.6,0.05
826,E Cheryl,Crinkle Root,-0.8827392930714931,2020-10-11 20:44:49.553485,0.6,0.05
827,Tree,S Gammon,-0.8903615760518362,2020-10-11 20:44:49.553485,0.6,0.05
828,Delaware,N Sherman,-0.8911543417702624,2020-10-11 20:44:49.553485,0.6,0.05
829,North Star,Dominion,-0.8961886905166909,2020-10-11 20:44:49.553485,0.6,0.05
830,Dempsey,Overpass,-0.8964505193247871,2020-10-11 20:44:49.553485,0.6,0.05
831,Speedway,Highland,-0.900720289775774,2020-10-11 20:44:49.553485,0.6,0.05
832,Crossroads,Wall,-0.9048221226176663,2020-10-11 20:44:49.553485,0.6,0.05
833,Offshore,Yellowstone,-0.9062974017809063,2020-10-11 20:44:49.553485,0.6,0.05
834,Odana,Dearholt,-0.9120625217755316,2020-10-11 20:44:49.553485,0.6,0.05
835,Parmenter,Century,-0.9132236351151202,2020-10-11 20:44:49.553485,0.6,0.05
836,Raymond,Mckenna,-0.914811556516792,2020-10-11 20:44:49.553485,0.6,0.05
837,J Q Hammons,Houlihans,-0.9177818175453658,2020-10-11 20:44:49.553485,0.6,0.05
838,Tompkins,Groveland,-0.9217403993685027,2020-10-11 20:44:49.553485,0.6,0.05
839,Century,Branch,-0.9218443569678789,2020-10-11 20:44:49.553485,0.6,0.05
840,E Buckeye,Dondee,-0.923145977652793,2020-10-11 20:44:49.553485,0.6,0.05
841,Parmenter,Donna,-0.9245582284925054,2020-10-11 20:44:49.553485,0.6,0.05
842,S Thompson,E Buckeye,-0.9255495400164545,2020-10-11 20:44:49.553485,0.6,0.05
843,Pilgrim,Sara,-0.9257817766657317,2020-10-11 20:44:49.553485,0.6,0.05
844,Speedway,Glenway,-0.9307739646547091,2020-10-11 20:44:49.553485,0.6,0.05
845,North Star,Orion,-0.9342189922479709,2020-10-11 20:44:49.553485,0.6,0.05
846,Acewood,Goldfinch,-0.940769295297984,2020-10-11 20:44:49.553485,0.6,0.05
847,Delaware,Dakota,-0.9410392329811861,2020-10-11 20:44:49.553485,0.6,0.05
848,Menomonie,Comanche,-0.9456451016137253,2020-10-11 20:44:49.553485,0.6,0.05
849,Greenway,Coho,-0.9458144037640773,2020-10-11 20:44:49.553485,0.6,0.05
850,Starker,Woodvale,-0.9517799969569538,2020-10-11 20:44:49.553485,0.6,0.05
851,Pilgrim,Pilgrim,-0.9597098161074542,2020-10-11 20:44:49.553485,0.6,0.05
852,Milwaukee,Rustic,-0.9661321698811651,2020-10-11 20:44:49.553485,0.6,0.05
853,Muir Field,Tucson,-0.9674919574690136,2020-10-11 20:44:49.553485,0.6,0.05
854,S Midvale,Odana,-0.9700310811286428,2020-10-11 20:44:49.553485,0.6,0.05
855,Schroeder,Saybrook,-0.9701070793806381,2020-10-11 20:44:49.553485,0.6,0.05
856,Schroeder,White Oaks,-0.9747531246269749,2020-10-11 20:44:49.553485,0.6,0.05
857,Branch,Maywood,-0.9778606484699544,2020-10-11 20:44:49.553485,0.6,0.05
858,N Fair Oaks,Chicago,-0.9795894369260234,2020-10-11 20:44:49.553485,0.6,0.05
859,S Park,Fish Hatchery,-0.9797705950150986,2020-10-11 20:44:49.553485,0.6,0.05
860,Mineral Point,Grand Canyon,-0.9900424468812228,2020-10-11 20:44:49.553485,0.6,0.05
861,Vondron,D A T C P Building,-0.9938067472088614,2020-10-11 20:44:49.553485,0.6,0.05
862,Chalet Gardens,Verona E,-0.9971742574234193,2020-10-11 20:44:49.553485,0.6,0.05
863,Mckenna,Elver Park,-0.9991714006451865,2020-10-11 20:44:49.553485,0.6,0.05
864,Northport,Troy,-1.0006898970398825,2020-10-11 20:44:49.553485,0.6,0.05
865,Buckeye,Davies,-1.0009761102451842,2020-10-11 20:44:49.553485,0.6,0.05
866,W Broadway,Bridge,-1.0068187783461897,2020-10-11 20:44:49.553485,0.6,0.05
867,Cottage Grove,Drexel,-1.0088200244368661,2020-10-11 20:44:49.553485,0.6,0.05
868,Koster,Bram,-1.0139949859057436,2020-10-11 20:44:49.553485,0.6,0.05
869,N Sherman,Commercial,-1.0169928818724823,2020-10-11 20:44:49.553485,0.6,0.05
870,Rimrock,Maloney,-1.0185085969204315,2020-10-11 20:44:49.553485,0.6,0.05
871,Rogers,Rutledge,-1.0198175174999975,2020-10-11 20:44:49.553485,0.6,0.05
872,E Washington,Melvin,-1.0211587443528083,2020-10-11 20:44:49.553485,0.6,0.05
873,S Park,Park House,-1.0244262467611367,2020-10-11 20:44:49.553485,0.6,0.05
874,Lake Mendota,Lot Q,-1.0245532095104688,2020-10-11 20:44:49.553485,0.6,0.05
875,Hoepker,Legacy,-1.0248106256470462,2020-10-11 20:44:49.553485,0.6,0.05
876,Odana,Grand Canyon,-1.0251548782302244,2020-10-11 20:44:49.553485,0.6,0.05
877,E Washington,Macarthur,-1.0345729197577025,2020-10-11 20:44:49.553485,0.6,0.05
878,Tokay,U W Research Park,-1.0384669360566803,2020-10-11 20:44:49.553485,0.6,0.05
879,University Bay,Picnic Point,-1.0442312632891748,2020-10-11 20:44:49.553485,0.6,0.05
880,Milwaukee,Daffodil,-1.0473108930413015,2020-10-11 20:44:49.553485,0.6,0.05
881,Post,Traceway,-1.0486748553081036,2020-10-11 20:44:49.553485,0.6,0.05
882,Marsh,Voges,-1.0506896973099051,2020-10-11 20:44:49.553485,0.6,0.05
883,Royal Wulff,High Ridge,-1.0519768461484822,2020-10-11 20:44:49.553485,0.6,0.05
884,Agriculture,Dairy,-1.0523260921388853,2020-10-11 20:44:49.553485,0.6,0.05
885,Junction,U W Health,-1.0531922280364423,2020-10-11 20:44:49.553485,0.6,0.05
886,E Washington,Wright,-1.0561801756308407,2020-10-11 20:44:49.553485,0.6,0.05
887,Pflaum,Groveland,-1.0680008671772248,2020-10-11 20:44:49.553485,0.6,0.05
888,S Sprecher,Sharpsburg,-1.0774385506645006,2020-10-11 20:44:49.553485,0.6,0.05
889,Vondron,Dolores,-1.079986083071329,2020-10-11 20:44:49.553485,0.6,0.05
890,Manitowish,Burning Wood,-1.0824061780283687,2020-10-11 20:44:49.553485,0.6,0.05
891,Masthead,Island,-1.0831872879488644,2020-10-11 20:44:49.553485,0.6,0.05
892,Merryturn,Retana,-1.0843695929517265,2020-10-11 20:44:49.553485,0.6,0.05
893,Mckee,Kapec,-1.0858366887597481,2020-10-11 20:44:49.553485,0.6,0.05
894,O'keeffe,Prairie,-1.0869989912262144,2020-10-11 20:44:49.553485,0.6,0.05
895,Commercial,Redland,-1.088160118933683,2020-10-11 20:44:49.553485,0.6,0.05
896,Wyalusing,Stockbridge,-1.0932387956200127,2020-10-11 20:44:49.553485,0.6,0.05
897,S Fair Oaks,Capital City,-1.0970154914531693,2020-10-11 20:44:49.553485,0.6,0.05
898,City View,Wall,-1.0977322109480199,2020-10-11 20:44:49.553485,0.6,0.05
899,University,Shorewood,-1.0996609019117685,2020-10-11 20:44:49.553485,0.6,0.05
900,Mohawk,Seminole,-1.1055624086809415,2020-10-11 20:44:49.553485,0.6,0.05
901,Acewood,Agate,-1.1097692499602725,2020-10-11 20:44:49.553485,0.6,0.05
902,E Washington,Aberg,-1.1122358779776897,2020-10-11 20:44:49.553485,0.6,0.05
903,University,Spring Harbor,-1.1123525285590916,2020-10-11 20:44:49.553485,0.6,0.05
904,University,Norman,-1.1130031853096882,2020-10-11 20:44:49.553485,0.6,0.05
905,N Pleasant View,Fairway,-1.1148708456873475,2020-10-11 20:44:49.553485,0.6,0.05
906,Acewood,Onyx,-1.1184379362298462,2020-10-11 20:44:49.553485,0.6,0.05
907,Fish Hatchery,Emil,-1.1279418015196918,2020-10-11 20:44:49.553485,0.6,0.05
908,Mineral Point,Island,-1.1280308561074939,2020-10-11 20:44:49.553485,0.6,0.05
909,N High Point,Sauk Creek,-1.134007864153141,2020-10-11 20:44:49.553485,0.6,0.05
910,S Whitney,Mineral Point,-1.135304292950438,2020-10-11 20:44:49.553485,0.6,0.05
911,Great Gray,Owl Creek,-1.1583149246217825,2020-10-11 20:44:49.553485,0.6,0.05
912,Beltline S,Landmark,-1.1666847057659093,2020-10-11 20:44:49.553485,0.6,0.05
913,Cottage Grove,North Star,-1.1717546601367603,2020-10-11 20:44:49.553485,0.6,0.05
914,Raymond,Frisch,-1.176730542182369,2020-10-11 20:44:49.553485,0.6,0.05
915,E Cheryl,No Oaks,-1.1778566748936714,2020-10-11 20:44:49.553485,0.6,0.05
916,Eagle Heights,Lot M,-1.1814335585251925,2020-10-11 20:44:49.553485,0.6,0.05
917,Shopko,Pick N Save,-1.1909166262435245,2020-10-11 20:44:49.553485,0.6,0.05
918,N Midvale,University,-1.193646278160731,2020-10-11 20:44:49.553485,0.6,0.05
919,Sherman,N Thornton,-1.2090894287373373,2020-10-11 20:44:49.553485,0.6,0.05
920,Lake Mendota,Lot R,-1.2093189479533333,2020-10-11 20:44:49.553485,0.6,0.05
921,Northport,Goodland,-1.2126221582655168,2020-10-11 20:44:49.553485,0.6,0.05
922,Milwaukee,Portland,-1.2154337793278738,2020-10-11 20:44:49.553485,0.6,0.05
923,Milwaukee,Dempsey,-1.2194388145546222,2020-10-11 20:44:49.553485,0.6,0.05
924,E Buckeye,Ellen,-1.225213105403106,2020-10-11 20:44:49.553485,0.6,0.05
925,Moorland,Fell,-1.2281854194475739,2020-10-11 20:44:49.553485,0.6,0.05
926,Gialamas,Greenway,-1.2386915780971988,2020-10-11 20:44:49.553485,0.6,0.05
927,Owl Creek,Voges,-1.2394721434782756,2020-10-11 20:44:49.553485,0.6,0.05
928,Beltline S,River Bend,-1.2410304731094688,2020-10-11 20:44:49.553485,0.6,0.05
929,Crescent,Allied,-1.2442419171569559,2020-10-11 20:44:49.553485,0.6,0.05
930,Tree,S High Point,-1.2489930397378088,2020-10-11 20:44:49.553485,0.6,0.05
931,Milwaukee,Summertown,-1.2569556270662459,2020-10-11 20:44:49.553485,0.6,0.05
932,E Washington,Reindahl,-1.2585408771947055,2020-10-11 20:44:49.553485,0.6,0.05
933,Allen,Marshall Park,-1.262556490342402,2020-10-11 20:44:49.553485,0.6,0.05
934,Raymond,Cameron,-1.2642871810890766,2020-10-11 20:44:49.553485,0.6,0.05
935,Turner,Hob,-1.2762833284812212,2020-10-11 20:44:49.553485,0.6,0.05
936,Walsh,Commercial,-1.2783937370933027,2020-10-11 20:44:49.553485,0.6,0.05
937,Eastpark,E Terrace,-1.2788273626851236,2020-10-11 20:44:49.553485,0.6,0.05
938,Northbrook,Century,-1.2873622025232312,2020-10-11 20:44:49.553485,0.6,0.05
939,S Mills,Vilas,-1.2906151609065588,2020-10-11 20:44:49.553485,0.6,0.05
940,Lake Mendota,University Bay,-1.2958770424936144,2020-10-11 20:44:49.553485,0.6,0.05
941,Randolph,Tree,-1.3041440878038622,2020-10-11 20:44:49.553485,0.6,0.05
942,S Segoe,Richland,-1.304724819210726,2020-10-11 20:44:49.553485,0.6,0.05
943,Caddis,Cahill,-1.3068894743234178,2020-10-11 20:44:49.553485,0.6,0.05
944,American,Tancho,-1.3126557024883045,2020-10-11 20:44:49.553485,0.6,0.05
945,N Sherman,Oxford,-1.3126749247127723,2020-10-11 20:44:49.553485,0.6,0.05
946,Beltline N,Culvers,-1.3136577390977084,2020-10-11 20:44:49.553485,0.6,0.05
947,Watts,S Junction,-1.3197821622421615,2020-10-11 20:44:49.553485,0.6,0.05
948,Monroe,Chapman,-1.3213314796832796,2020-10-11 20:44:49.553485,0.6,0.05
949,Old Sauk,Everglade,-1.3261173146365386,2020-10-11 20:44:49.553485,0.6,0.05
950,Green,Meadow Ridge,-1.3267919912121793,2020-10-11 20:44:49.553485,0.6,0.05
951,Old Sauk,N Gammon,-1.3307390965746622,2020-10-11 20:44:49.553485,0.6,0.05
952,Mineral Point,Racine,-1.3352628944761056,2020-10-11 20:44:49.553485,0.6,0.05
953,N High Point,Old Sauk,-1.3361124180656438,2020-10-11 20:44:49.553485,0.6,0.05
954,N Rosa,Marconi,-1.3366939193195821,2020-10-11 20:44:49.553485,0.6,0.05
955,Packers,Schlimgen,-1.3466222415283675,2020-10-11 20:44:49.553485,0.6,0.05
956,Mineral Point,Yellowstone,-1.3516900938325742,2020-10-11 20:44:49.553485,0.6,0.05
957,Hammersley,Lewon,-1.3524651148975282,2020-10-11 20:44:49.553485,0.6,0.05
958,Speedway,Hillcrest,-1.3554056592204677,2020-10-11 20:44:49.553485,0.6,0.05
959,S Thompson,Blacksmith,-1.356954724065272,2020-10-11 20:44:49.553485,0.6,0.05
960,Troy,Harper,-1.357528569165892,2020-10-11 20:44:49.553485,0.6,0.05
961,Atwood,Walter,-1.3709937859892078,2020-10-11 20:44:49.553485,0.6,0.05
962,E Terrace,U W Health,-1.3732621014509045,2020-10-11 20:44:49.553485,0.6,0.05
963,Acewood,Starker,-1.3862198449900553,2020-10-11 20:44:49.553485,0.6,0.05
964,Schroeder,Struck,-1.389084180108617,2020-10-11 20:44:49.553485,0.6,0.05
965,Pflaum,Advance,-1.4054124374962143,2020-10-11 20:44:49.553485,0.6,0.05
966,Tokay,Hilltop,-1.4107449515340555,2020-10-11 20:44:49.553485,0.6,0.05
967,Fish Hatchery,High Ridge,-1.4167684214569523,2020-10-11 20:44:49.553485,0.6,0.05
968,City View,Burke,-1.4193165564470185,2020-10-11 20:44:49.553485,0.6,0.05
969,E Rusk,Rimrock,-1.4231997024288177,2020-10-11 20:44:49.553485,0.6,0.05
970,Beltline N,Rockys,-1.4268124879901294,2020-10-11 20:44:49.553485,0.6,0.05
971,Lien,Eagan,-1.4354723065280646,2020-10-11 20:44:49.553485,0.6,0.05
972,Old Middleton,Gettle,-1.4369594235711303,2020-10-11 20:44:49.553485,0.6,0.05
973,Park,South,-1.4392157219670656,2020-10-11 20:44:49.553485,0.6,0.05
974,Portage,Derek,-1.4400696414710545,2020-10-11 20:44:49.553485,0.6,0.05
975,Portage,Village,-1.4409795121446556,2020-10-11 20:44:49.553485,0.6,0.05
976,Portage,Tomscot,-1.4471809876411974,2020-10-11 20:44:49.553485,0.6,0.05
977,Atlas,Neptune,-1.4554497579296144,2020-10-11 20:44:49.553485,0.6,0.05
978,American Family,A F I Building,-1.4645058928754024,2020-10-11 20:44:49.553485,0.6,0.05
979,Observatory,Easterday,-1.4747915672571041,2020-10-11 20:44:49.553485,0.6,0.05
980,Century,Park,-1.4822999260083822,2020-10-11 20:44:49.553485,0.6,0.05
981,World Dairy,Dairy,-1.489694159669607,2020-10-11 20:44:49.553485,0.6,0.05
982,Eastpark,Biltmore,-1.5206787731106544,2020-10-11 20:44:49.553485,0.6,0.05
983,Odana,Wedgewood,-1.5241713496941207,2020-10-11 20:44:49.553485,0.6,0.05
984,Packers,Commercial,-1.526394660581163,2020-10-11 20:44:49.553485,0.6,0.05
985,Biltmore,Buttonwood,-1.5306114267506692,2020-10-11 20:44:49.553485,0.6,0.05
986,Odana,Research Park,-1.535742842185642,2020-10-11 20:44:49.553485,0.6,0.05
987,E Washington,Schmedeman,-1.5420389553780227,2020-10-11 20:44:49.553485,0.6,0.05
988,Acewood,Leo,-1.5437281706036396,2020-10-11 20:44:49.553485,0.6,0.05
989,Grandview,Sandwood,-1.548728209759394,2020-10-11 20:44:49.553485,0.6,0.05
990,University,Allen,-1.5503959659666768,2020-10-11 20:44:49.553485,0.6,0.05
991,Monroe,Leonard,-1.5524667750698962,2020-10-11 20:44:49.553485,0.6,0.05
992,Highland,Waisman,-1.562219057045149,2020-10-11 20:44:49.553485,0.6,0.05
993,Langley,Cottontail,-1.570301230142601,2020-10-11 20:44:49.553485,0.6,0.05
994,Hayes,Portage,-1.5793479049365244,2020-10-11 20:44:49.553485,0.6,0.05
995,Capital,University,-1.585817424544272,2020-10-11 20:44:49.553485,0.6,0.05
996,Dennett,Ring,-1.588791261210271,2020-10-11 20:44:49.553485,0.6,0.05
997,S Midvale,Yuma,-1.5933856975007061,2020-10-11 20:44:49.553485,0.6,0.05
998,Lake Point,Bridge,-1.5967962904396393,2020-10-11 20:44:49.553485,0.6,0.05
999,Century,Marina,-1.6065221941167556,2020-10-11 20:44:49.553485,0.6,0.05
1000,Deming,Blackhawk,-1.612567667039951,2020-10-11 20:44:49.553485,0.6,0.05
1001,Sherman,Sherman,-1.6160033291179243,2020-10-11 20:44:49.553485,0.6,0.05
1002,Old Sauk,Widgeon,-1.6211056697335522,2020-10-11 20:44:49.553485,0.6,0.05
1003,S Gammon,Colony,-1.6264865206213646,2020-10-11 20:44:49.553485,0.6,0.05
1004,Odana,Hilltop,-1.6374453735069077,2020-10-11 20:44:49.553485,0.6,0.05
1005,Old Sauk,Crestwood School,-1.6508806530327127,2020-10-11 20:44:49.553485,0.6,0.05
1006,Regent,Eau Claire,-1.6612027627270696,2020-10-11 20:44:49.553485,0.6,0.05
1007,Crawford,Whenona,-1.6634939214445934,2020-10-11 20:44:49.553485,0.6,0.05
1008,Mckenna,Park Heights,-1.6735253797640715,2020-10-11 20:44:49.553485,0.6,0.05
1009,Murphy,Eagle,-1.676839737759042,2020-10-11 20:44:49.553485,0.6,0.05
1010,Nakoma,Huron,-1.692368682614476,2020-10-11 20:44:49.553485,0.6,0.05
1011,Fish Hatchery,Caddis,-1.6966686808227793,2020-10-11 20:44:49.553485,0.6,0.05
1012,Pflaum,Daniels,-1.7005699188958998,2020-10-11 20:44:49.553485,0.6,0.05
1013,Heartland,Old Sauk,-1.7107233145133471,2020-10-11 20:44:49.553485,0.6,0.05
1014,Mineral Point,S Rosa,-1.7129706066798112,2020-10-11 20:44:49.553485,0.6,0.05
1015,Prairie,Waterford,-1.7373090240819362,2020-10-11 20:44:49.553485,0.6,0.05
1016,Ski,Deer Valley,-1.7417042737184945,2020-10-11 20:44:49.553485,0.6,0.05
1017,Hammersley,Gilbert,-1.7633504428681104,2020-10-11 20:44:49.553485,0.6,0.05
1018,Rutledge,Walton,-1.787703309506351,2020-10-11 20:44:49.553485,0.6,0.05
1019,N Sherman,Melrose,-1.8099095942131624,2020-10-11 20:44:49.553485,0.6,0.05
1020,Marsh,Kipp,-1.8194792585631623,2020-10-11 20:44:49.553485,0.6,0.05
1021,Tompkins,S Stoughton W,-1.823585784947544,2020-10-11 20:44:49.553485,0.6,0.05
1022,Milwaukee,Walbridge,-1.8242914485063397,2020-10-11 20:44:49.553485,0.6,0.05
1023,Freese,Siggelkow,-1.8521472660253604,2020-10-11 20:44:49.553485,0.6,0.05
1024,Helgesen,S Stoughton E,-1.8528079330822147,2020-10-11 20:44:49.553485,0.6,0.05
1025,Valley Ridge,South Ridge,-1.8535927298712247,2020-10-11 20:44:49.553485,0.6,0.05
1026,Manchester,Mckee,-1.8556996642687684,2020-10-11 20:44:49.553485,0.6,0.05
1027,Knutson,Northport,-1.8598042577428258,2020-10-11 20:44:49.553485,0.6,0.05
1028,Century,Donna,-1.866678235356999,2020-10-11 20:44:49.553485,0.6,0.05
1029,S High Point,Watts,-1.873049630146196,2020-10-11 20:44:49.553485,0.6,0.05
1030,University,Gateway,-1.8895651474844237,2020-10-11 20:44:49.553485,0.6,0.05
1031,Tree,S Westfield,-1.9070774181673467,2020-10-11 20:44:49.553485,0.6,0.05
1032,Valor,Meinders,-1.912156803503667,2020-10-11 20:44:49.553485,0.6,0.05
1033,Starker,Vondron,-1.925685625962855,2020-10-11 20:44:49.553485,0.6,0.05
1034,Old Sauk,Yosemite,-1.935530290159915,2020-10-11 20:44:49.553485,0.6,0.05
1035,Terrace,N High Point,-1.938570647887103,2020-10-11 20:44:49.553485,0.6,0.05
1036,Reetz,Hammersley,-1.9458106921054728,2020-10-11 20:44:49.553485,0.6,0.05
1037,Post,Watford,-1.952899373089011,2020-10-11 20:44:49.553485,0.6,0.05
1038,Allen,Maywood,-1.9684153204395716,2020-10-11 20:44:49.553485,0.6,0.05
1039,Deming,Discovery,-1.9961736241781474,2020-10-11 20:44:49.553485,0.6,0.05
1040,Post,Index,-2.0227258852163588,2020-10-11 20:44:49.553485,0.6,0.05
1041,Cottage Grove,Atlas,-2.042042116782315,2020-10-11 20:44:49.553485,0.6,0.05
1042,Odana,Potomac,-2.1079413095048873,2020-10-11 20:44:49.553485,0.6,0.05
1043,N Sherman,Northside Town,-2.166864836061041,2020-10-11 20:44:49.553485,0.6,0.05
1044,Inner,Yellowstone,-2.1885734618373225,2020-10-11 20:44:49.553485,0.6,0.05
1045,Agriculture,World Dairy,-2.196337229037389,2020-10-11 20:44:49.553485,0.6,0.05
1046,Watford,Stewart,-2.212132407672673,2020-10-11 20:44:49.553485,0.6,0.05
1047,Century,Valley Ridge,-2.2193525993565872,2020-10-11 20:44:49.553485,0.6,0.05
1048,University,Heim,-2.2284618204080022,2020-10-11 20:44:49.553485,0.6,0.05
1049,Wheeler,Comanche,-2.240597819946213,2020-10-11 20:44:49.553485,0.6,0.05
1050,Williamsburg,S Whitney,-2.2501737037314724,2020-10-11 20:44:49.553485,0.6,0.05
1051,East Transfer Point,W Corporate,-2.2616584050126374,2020-10-11 20:44:49.553485,0.6,0.05
1052,Raymond,Canterbury,-2.270545447494124,2020-10-11 20:44:49.553485,0.6,0.05
1053,Packers,Tennyson,-2.292495566550975,2020-10-11 20:44:49.553485,0.6,0.05
1054,Fitchrona,Mckee,-2.3123340549317732,2020-10-11 20:44:49.553485,0.6,0.05
1055,N Gammon,Fortune,-2.331424932228893,2020-10-11 20:44:49.553485,0.6,0.05
1056,Langdon,Wisconsin,-2.419349891795899,2020-10-11 20:44:49.553485,0.6,0.05
1057,Quarry,Research,-2.4720557534752174,2020-10-11 20:44:49.553485,0.6,0.05
1058,Mckee,Seminole,-2.4801015592726507,2020-10-11 20:44:49.553485,0.6,0.05
1059,Nakoma,Seminole,-2.4811484315804853,2020-10-11 20:44:49.553485,0.6,0.05
1060,South Towne,Industrial,-2.48771513341259,2020-10-11 20:44:49.553485,0.6,0.05
1061,Mckenna,Morraine View,-2.5101596707296334,2020-10-11 20:44:49.553485,0.6,0.05
1062,Hoepker,Prairie Lakes,-2.5206939558063888,2020-10-11 20:44:49.553485,0.6,0.05
1063,Helgesen,Advance,-2.5480299728696654,2020-10-11 20:44:49.553485,0.6,0.05
1064,Lacy,S Fish Hatchery,-2.553581738065986,2020-10-11 20:44:49.553485,0.6,0.05
1065,E Springs,Plumbers 75,-2.5878898175325773,2020-10-11 20:44:49.553485,0.6,0.05
1066,Mckee,Tanglewood,-2.598447838065782,2020-10-11 20:44:49.553485,0.6,0.05
1067,Melody,Portage,-2.6029300227418766,2020-10-11 20:44:49.553485,0.6,0.05
1068,Mckee,Muir Field,-2.637538549275634,2020-10-11 20:44:49.553485,0.6,0.05
1069,John Nolen,E Olin,-2.6500718772386653,2020-10-11 20:44:49.553485,0.6,0.05
1070,Main,Highway Ramp,-2.680534942752688,2020-10-11 20:44:49.553485,0.6,0.05
1071,American,Eastpark,-2.681714715083694,2020-10-11 20:44:49.553485,0.6,0.05
1072,Voss,Middleton,-2.7175264661449017,2020-10-11 20:44:49.553485,0.6,0.05
1073,Century,Baskerville,-2.7422010091244045,2020-10-11 20:44:49.553485,0.6,0.05
1074,Troy,North,-2.7726104000565526,2020-10-11 20:44:49.553485,0.6,0.05
1075,Femrite,Dutch Mill,-2.7829729731740938,2020-10-11 20:44:49.553485,0.6,0.05
1076,Century,Laura,-2.784279087213883,2020-10-11 20:44:49.553485,0.6,0.05
1077,Fish Hatchery,Carver,-2.8029238797660003,2020-10-11 20:44:49.553485,0.6,0.05
1078,Eastpark,Park And Ride,-2.809438876324189,2020-10-11 20:44:49.553485,0.6,0.05
1079,Milwaukee,Milky,-2.817538616109077,2020-10-11 20:44:49.553485,0.6,0.05
1080,O'keeffe,Wild Iris,-2.833127087567516,2020-10-11 20:44:49.553485,0.6,0.05
1081,Fish Hatchery,Catalpa,-2.855764350423129,2020-10-11 20:44:49.553485,0.6,0.05
1082,Blue Aster,Legacy,-2.877385387098211,2020-10-11 20:44:49.553485,0.6,0.05
1083,N Segoe,University,-2.901464980197626,2020-10-11 20:44:49.553485,0.6,0.05
1084,Nakoosa,Commercial,-2.9123345023099096,2020-10-11 20:44:49.553485,0.6,0.05
1085,O'keeffe,Summerfield,-2.9947960955168784,2020-10-11 20:44:49.553485,0.6,0.05
1086,Sawmill,N Westfield,-3.022215805015147,2020-10-11 20:44:49.553485,0.6,0.05
1087,O'keeffe,New Town,-3.0278360404815867,2020-10-11 20:44:49.553485,0.6,0.05
1088,Sawmill,N Gammon,-3.044234809806863,2020-10-11 20:44:49.553485,0.6,0.05
1089,Buckeye,Monona,-3.0611382631856894,2020-10-11 20:44:49.553485,0.6,0.05
1090,Old Sauk,Ozark,-3.175772583179563,2020-10-11 20:44:49.553485,0.6,0.05
1091,Anderson,Pankratz,-3.190726291021455,2020-10-11 20:44:49.553485,0.6,0.05
1092,W Broadway,Frazier,-3.2774003235126092,2020-10-11 20:44:49.553485,0.6,0.05
1093,Eastpark,U W Health,-3.396084574770433,2020-10-11 20:44:49.553485,0.6,0.05
1094,American,A F I Headquarters,-3.4150393541523254,2020-10-11 20:44:49.553485,0.6,0.05
1095,N High Point,Greenway,-3.4439285878012043,2020-10-11 20:44:49.553485,0.6,0.05
1096,N Baldwin,Sherman,-3.493379876125054,2020-10-11 20:44:49.553485,0.6,0.05
1097,Amnicon,Cottage Grove,-3.543942409387988,2020-10-11 20:44:49.553485,0.6,0.05
1098,N High Point,Brule,-3.5834898874097343,2020-10-11 20:44:49.553485,0.6,0.05
1099,Valor,Star Spangled,-3.655847990385715,2020-10-11 20:44:49.553485,0.6,0.05
1100,Nob Hill,W E A Building,-3.7158093296775974,2020-10-11 20:44:49.553485,0.6,0.05
1101,E Cheryl,Lacy,-3.8058430922232658,2020-10-11 20:44:49.553485,0.6,0.05
1102,Blue Aster,Grand,-3.843399015826041,2020-10-11 20:44:49.553485,0.6,0.05
1103,Lacy,Central Park,-3.850602015754834,2020-10-11 20:44:49.553485,0.6,0.05
1104,N Sherman,Schlimgen,-3.8917685389002132,2020-10-11 20:44:49.553485,0.6,0.05
1105,Erin,S Mills,-3.960382757514851,2020-10-11 20:44:49.553485,0.6,0.05
1106,W Verona,Legion,-4.031384167492977,2020-10-11 20:44:49.553485,0.6,0.05
1107,Wright,Kinsman,-4.04990633529641,2020-10-11 20:44:49.553485,0.6,0.05
1108,Agriculture,Femrite,-4.1810709451546755,2020-10-11 20:44:49.553485,0.6,0.05
1109,Maple Grove,Mckee,-4.21431362215465,2020-10-11 20:44:49.553485,0.6,0.05
1110,Moorland,Wayland,-4.235976425838088,2020-10-11 20:44:49.553485,0.6,0.05
1111,W Verona,Half Mile,-4.395433923024037,2020-10-11 20:44:49.553485,0.6,0.05
1112,Crossroads,City View,-4.413699626199353,2020-10-11 20:44:49.553485,0.6,0.05
1113,Industrial,Royal,-4.4968925550095165,2020-10-11 20:44:49.553485,0.6,0.05
1114,Walsh,Nakoosa,-4.5142427969801115,2020-10-11 20:44:49.553485,0.6,0.05
1115,Rimrock,John Nolen,-4.619868172337308,2020-10-11 20:44:49.553485,0.6,0.05
1116,N Sherman,Wheeler,-4.808109563465493,2020-10-11 20:44:49.553485,0.6,0.05
1117,Agriculture,Tradewinds,-4.900925330312328,2020-10-11 20:44:49.553485,0.6,0.05
1118,South Ridge,County Q,-5.14970122554927,2020-10-11 20:44:49.553485,0.6,0.05
1119,O'keeffe,Brown Bear,-5.229413907484405,2020-10-11 20:44:49.553485,0.6,0.05
1120,Main,Thompson,-5.373039168685157,2020-10-11 20:44:49.553485,0.6,0.05
1121,Anderson,Pearson,-5.42965912829154,2020-10-11 20:44:49.553485,0.6,0.05
1122,O'keeffe,Linnerud,-5.839033727385086,2020-10-11 20:44:49.553485,0.6,0.05
1123,E Verona,Hometown,-5.857458928909992,2020-10-11 20:44:49.553485,0.6,0.05
1124,Marsh,Calico,-5.8654306790341755,2020-10-11 20:44:49.553485,0.6,0.05
1125,Marsh,Yesterday,-5.968957363585328,2020-10-11 20:44:49.553485,0.6,0.05
1126,Fish Hatchery,Cahill,-6.188104505356554,2020-10-11 20:44:49.553485,0.6,0.05
1127,Muir Field,Raymond,-6.221983153417128,2020-10-11 20:44:49.553485,0.6,0.05
1128,Airport,Nursery,-6.23459825318017,2020-10-11 20:44:49.553485,0.6,0.05
1129,N Pleasant View,Airport,-6.434460131048553,2020-10-11 20:44:49.553485,0.6,0.05
1130,E Verona,Enterprise,-6.539484037357285,2020-10-11 20:44:49.553485,0.6,0.05
1131,Rimrock,Anderberg,-6.6567648868285225,2020-10-11 20:44:49.553485,0.6,0.05
1132,Mckee,Osmundsen,-6.785562879160031,2020-10-11 20:44:49.553485,0.6,0.05
1133,Mckee,Richardson,-6.870137426417925,2020-10-11 20:44:49.553485,0.6,0.05
1134,Menomonie,Chinook,-7.052374293123015,2020-10-11 20:44:49.553485,0.6,0.05
1135,Dutch Mill,Park And Ride,-7.0965464460801675,2020-10-11 20:44:49.553485,0.6,0.05
1136,Mid Town,Waldorf,-7.43032324883476,2020-10-11 20:44:49.553485,0.6,0.05
1137,Hoepker,Merchant,-7.655240729504176,2020-10-11 20:44:49.553485,0.6,0.05
1138,Airport,Deming,-7.679694086631314,2020-10-11 20:44:49.553485,0.6,0.05
1139,Main,Grand,-8.07378691083861,2020-10-11 20:44:49.553485,0.6,0.05
1140,Chapel Valley,Mckee,-8.303172364576497,2020-10-11 20:44:49.553485,0.6,0.05
1141,John Nolen,Lakeside,-8.653439210891053,2020-10-11 20:44:49.553485,0.6,0.05
1142,High Crossing,Cross Hill,-10.066179985068594,2020-10-11 20:44:49.553485,0.6,0.05
1143,Starr Grass,S High Point,-10.134135754417203,2020-10-11 20:44:49.553485,0.6,0.05
1144,Pinehurst,S Greenview,-10.373827605433227,2020-10-11 20:44:49.553485,0.6,0.05
1145,Mid Town,Hawks Landing,-10.922400048074325,2020-10-11 20:44:49.553485,0.6,0.05
1146,Cremer,Park And Ride,-10.974960517402227,2020-10-11 20:44:49.553485,0.6,0.05
1147,Mckee,Commerce Park,-11.461397465509943,2020-10-11 20:44:49.553485,0.6,0.05
1148,E Verona,Maple Grove,-14.5518203745196,2020-10-11 20:44:49.553485,0.6,0.05
1149,Airport,Terminal Door 6,-14.851547825986618,2020-10-11 20:44:49.553485,0.6,0.05
1150,W Verona,Westridge,-15.055598230794667,2020-10-11 20:44:49.553485,0.6,0.05
1151,Moorland,Manor,-15.661848136899708,2020-10-11 20:44:49.553485,0.6,0.05
1152,Woods,Mid Town,-17.290341790013755,2020-10-11 20:44:49.553485,0.6,0.05
1153,Northern Lights,Epic Staff C,-45.71315377135697,2020-10-11 20:44:49.553485,0.6,0.05
